file_name,text
images/synthetic_line_00000.png,"Si buscas el éxito, prometo ser tu cielo. - Isabel Allende."
images/synthetic_line_00001.png,Cada atardecer construye puentes sobre mares agitados.
images/synthetic_line_00002.png,Un corazón sincero ilumina cada rincón del alma.
images/synthetic_line_00003.png,La mujer que amas abre senderos que antes no existían.
images/synthetic_line_00004.png,El hombre que amas ilumina mi vida por completo.
images/synthetic_line_00005.png,Un corazón sincero despierta pasiones dormidas. - Julio Cortázar.
images/synthetic_line_00006.png,El amor de mi vida prometo ser tu cielo. - Mario Benedetti.
images/synthetic_line_00007.png,Eres mi mejor compañía sabe que todo vale la pena. - Julio Cortázar.
images/synthetic_line_00008.png,Su mirada construye puentes sobre mares agitados. - Gabriel García Márquez.
images/synthetic_line_00009.png,Mi mujer merece vivirse con toda la intensidad. - Saludos desde Madrid.
images/synthetic_line_00010.png,"Si buscas el éxito, alcanza cimas que parecían lejanas. - Gabriel García Márquez."
images/synthetic_line_00011.png,Eres la razón merece vivirse con toda la intensidad. - Octavio Paz.
images/synthetic_line_00012.png,Mi hombre soñado deja huellas imborrables en el tiempo. - Pablo Neruda.
images/synthetic_line_00013.png,El mayor tesoro por la que sonrío todos los días.
images/synthetic_line_00014.png,El mayor tesoro construye puentes sobre mares agitados. - Mario Benedetti.
images/synthetic_line_00015.png,El viaje vence cualquier obstáculo con calma.
images/synthetic_line_00016.png,Tu mirada huele a rosas frescas.
images/synthetic_line_00017.png,La libertad acompaña las noches de invierno.
images/synthetic_line_00018.png,La libertad pertenece a mi vida.
images/synthetic_line_00019.png,Agradezco sabe protegerme siempre.
images/synthetic_line_00020.png,El tiempo compartido cuida sus flores cada día.
images/synthetic_line_00021.png,Su mirada prometo ser tu cielo.
images/synthetic_line_00022.png,- Gabriel García Márquez.
images/synthetic_line_00023.png,Caminar juntos cuida sus flores cada día.
images/synthetic_line_00024.png,Un corazón rebelde alcanza cimas que parecían lejanas.
images/synthetic_line_00025.png,El hombre que amas abre senderos que antes no existían. - Jorge Luis Borges.
images/synthetic_line_00026.png,Cada amanecer alcanza cimas que parecían lejanas.
images/synthetic_line_00027.png,Agradezco tiene un corazón rebelde. - Gustavo Adolfo Bécquer.
images/synthetic_line_00028.png,El tiempo compartido ilumina cada rincón del alma. - Julio Cortázar.
images/synthetic_line_00029.png,Tu amor da sentido a los pequeños instantes. - Gabriel García Márquez.
images/synthetic_line_00030.png,Tu sonrisa nos enseña a valorar lo simple. - Pablo Neruda.
images/synthetic_line_00031.png,La paciencia me quiere más que a nada. - Pablo Neruda.
images/synthetic_line_00032.png,Tu presencia me cuida como a una flor.
images/synthetic_line_00033.png,"Si buscas el éxito, acompaña las noches de invierno."
images/synthetic_line_00034.png,"El amor de mi vida me quiere más que a nada. - Madrid, 03/09/92"
images/synthetic_line_00035.png,El camino sabe que todo vale la pena.
images/synthetic_line_00036.png,Agradezco por la que sonrío todos los días. - Mario Benedetti.
images/synthetic_line_00037.png,"Si buscas el éxito, da sentido a los pequeños instantes."
images/synthetic_line_00038.png,- Federico García Lorca.
images/synthetic_line_00039.png,Agradezco me dice que todo saldrá bien. - Gabriel García Márquez.
images/synthetic_line_00040.png,"No te rindas, y mi mayor apoyo."
images/synthetic_line_00041.png,El tiempo compartido es un regalo que no debemos olvidar.
images/synthetic_line_00042.png,El camino merece vivirse con toda la intensidad. - Saludos desde Cádiz
images/synthetic_line_00043.png,Tu amor acompaña las noches de invierno. - Saludos desde Madrid.
images/synthetic_line_00044.png,El hombre que amas abre senderos que antes no existían. - Jorge Luis Borges.
images/synthetic_line_00045.png,Un corazón rebelde sabe protegerme siempre. - Ref: 984-A / Cuaderno.
images/synthetic_line_00046.png,El mayor tesoro por la que sonrío todos los días. - Saludos desde Madrid.
images/synthetic_line_00047.png,Nuestra memoria ilumina cada rincón del alma.
images/synthetic_line_00048.png,Tú me cuida como a una flor.
images/synthetic_line_00049.png,Un corazón rebelde da sentido a los pequeños instantes.
images/synthetic_line_00050.png,El hombre que amas vence cualquier obstáculo con calma. - Jorge Luis Borges.
images/synthetic_line_00051.png,"Si quieres ser mi estrella, huele a rosas frescas."
images/synthetic_line_00052.png,Tu amor transforma la rutina en pura magia.
images/synthetic_line_00053.png,"No te rindas, prometo ser tu cielo."
images/synthetic_line_00054.png,Agradezco deja huellas imborrables en el tiempo. - Julio Cortázar.
images/synthetic_line_00055.png,Caminar juntos merece vivirse con toda la intensidad. - Ref: 984-A / Cuaderno.
images/synthetic_line_00056.png,La libertad guía los pasos hacia nuevos horizontes.
images/synthetic_line_00057.png,Un buen recuerdo deja huellas imborrables en el tiempo.
images/synthetic_line_00058.png,Un corazón sincero despierta pasiones dormidas. - Julio Cortázar.
images/synthetic_line_00059.png,Tu presencia y mi mayor apoyo. - Saludos desde Madrid.
images/synthetic_line_00060.png,Nuestra memoria alcanza cimas que parecían lejanas.
images/synthetic_line_00061.png,Su mirada guía los pasos hacia nuevos horizontes.
images/synthetic_line_00062.png,La perseverancia me dice que todo saldrá bien. - Saludos desde Madrid.
images/synthetic_line_00063.png,Un buen recuerdo deja huellas imborrables en el tiempo. - Mario Benedetti.
images/synthetic_line_00064.png,Un corazón rebelde vence cualquier obstáculo con calma. - Saludos desde Cádiz
images/synthetic_line_00065.png,Un buen recuerdo sabe que todo vale la pena. - Antonio Machado.
images/synthetic_line_00066.png,La vida vence cualquier obstáculo con calma. - Saludos desde Madrid.
images/synthetic_line_00067.png,El mayor tesoro me cuida como a una flor. - Antonio Machado.
images/synthetic_line_00068.png,Eres la razón cuida sus flores cada día. - Saludos desde Madrid.
images/synthetic_line_00069.png,Mi hombre soñado me dice que todo saldrá bien.
images/synthetic_line_00070.png,El mayor tesoro me quiere más que a nada. - Ref: 984-A / Cuaderno.
images/synthetic_line_00071.png,La vida me dice que todo saldrá bien. - Federico García Lorca.
images/synthetic_line_00072.png,Mi mujer ilumina cada rincón del alma. - Notas del día 15-08-24.
images/synthetic_line_00073.png,"Si quieres ser mi estrella, guía los pasos hacia nuevos horizontes. - Isabel Allende."
images/synthetic_line_00074.png,El camino me quiere más que a nada. - Gustavo Adolfo Bécquer.
images/synthetic_line_00075.png,El camino merece vivirse con toda la intensidad. - Saludos desde Cádiz
images/synthetic_line_00076.png,El tiempo compartido ilumina cada rincón del alma. - Julio Cortázar.
images/synthetic_line_00077.png,El tiempo compartido nos enseña a valorar lo simple.
images/synthetic_line_00078.png,El camino guía los pasos hacia nuevos horizontes.
images/synthetic_line_00079.png,Un corazón rebelde es la razón de sonreír a diario.
images/synthetic_line_00080.png,El hombre que amas acompaña las noches de invierno.
images/synthetic_line_00081.png,- Antonio Machado.
images/synthetic_line_00082.png,"Si quieres ser mi estrella, me dice que todo saldrá bien."
images/synthetic_line_00083.png,La paciencia alcanza cimas que parecían lejanas. - Pablo Neruda.
images/synthetic_line_00084.png,La mujer que amas despierta pasiones dormidas. - Ref: 984-A / Cuaderno.
images/synthetic_line_00085.png,Tú me cuida como a una flor.
images/synthetic_line_00086.png,El viaje prometo ser tu cielo.
images/synthetic_line_00087.png,Su mirada ilumina cada rincón del alma. - Gustavo Adolfo Bécquer.
images/synthetic_line_00088.png,Tu mirada sabe protegerme siempre.
images/synthetic_line_00089.png,La paciencia sabe que todo vale la pena.
images/synthetic_line_00090.png,La paciencia construye puentes sobre mares agitados. - Mario Benedetti.
images/synthetic_line_00091.png,La libertad me dice que todo saldrá bien. - Notas del día 15-08-24.
images/synthetic_line_00092.png,Cada amanecer es un regalo que no debemos olvidar. - Isabel Allende.
images/synthetic_line_00093.png,Tu presencia y mi mayor apoyo. - Saludos desde Madrid.
images/synthetic_line_00094.png,"La mujer que amas despierta pasiones dormidas. - Madrid, 03/09/92"
images/synthetic_line_00095.png,La paciencia ilumina mi vida por completo. - Gustavo Adolfo Bécquer.
images/synthetic_line_00096.png,El tiempo compartido cuida sus flores cada día. - Saludos desde Cádiz
images/synthetic_line_00097.png,Cada amanecer sabe protegerme siempre.
images/synthetic_line_00098.png,La vida nos enseña a valorar lo simple.
images/synthetic_line_00099.png,Vuestra memoria es la razón de sonreír a diario.
images/synthetic_line_00100.png,Eres mi mejor compañía merece vivirse con toda la intensidad. - Ref: 984-A / Cuaderno.
images/synthetic_line_00101.png,El mayor tesoro deja huellas imborrables en el tiempo. - Ref: 984-A / Cuaderno.
images/synthetic_line_00102.png,El tiempo compartido prometo ser tu cielo.
images/synthetic_line_00103.png,Tu mirada ilumina cada rincón del alma. - Pablo Neruda.
images/synthetic_line_00104.png,Mi hombre soñado por la que sonrío todos los días.
images/synthetic_line_00105.png,Eres la razón me cuida como a una flor.
images/synthetic_line_00106.png,La mujer que amas ilumina mi vida por completo. - Saludos desde Cádiz
images/synthetic_line_00107.png,Agradezco ilumina cada rincón del alma. - Ref: 984-A / Cuaderno.
images/synthetic_line_00108.png,Un buen recuerdo despierta pasiones dormidas. - Julio Cortázar.
images/synthetic_line_00109.png,Un corazón sincero construye puentes sobre mares agitados.
images/synthetic_line_00110.png,El mayor tesoro ilumina cada rincón del alma.
images/synthetic_line_00111.png,Escribir poemas me quiere más que a nada. - Octavio Paz.
images/synthetic_line_00112.png,"Eres mi mejor compañía me quiere más que a nada. - Madrid, 03/09/92"
images/synthetic_line_00113.png,Cada atardecer guía los pasos hacia nuevos horizontes. - Isabel Allende.
images/synthetic_line_00114.png,Cada atardecer despierta pasiones dormidas.
images/synthetic_line_00115.png,Mi hombre da sentido a los pequeños instantes. - Saludos desde Madrid.
images/synthetic_line_00116.png,El hombre que amas es un regalo que no debemos olvidar.
images/synthetic_line_00117.png,Tu sonrisa abre senderos que antes no existían.
images/synthetic_line_00118.png,Tu presencia despierta pasiones dormidas. - Notas del día 15-08-24.
images/synthetic_line_00119.png,Nuestra memoria despierta pasiones dormidas.
images/synthetic_line_00120.png,Un corazón rebelde vence cualquier obstáculo con calma. - Saludos desde Cádiz
images/synthetic_line_00121.png,Cada amanecer pertenece a mi vida.
images/synthetic_line_00122.png,El hombre por la que sonrío todos los días. - Gabriel García Márquez.
images/synthetic_line_00123.png,Eres la razón hace que todo sea más hermoso.
images/synthetic_line_00124.png,Vuestra memoria ilumina cada rincón del alma. - Isabel Allende.
images/synthetic_line_00125.png,Su mirada da sentido a los pequeños instantes. - Pablo Neruda.
images/synthetic_line_00126.png,Tu amor pertenece a mi vida. - Notas del día 15-08-24.
images/synthetic_line_00127.png,Cada amanecer ilumina cada rincón del alma.
images/synthetic_line_00128.png,"Si buscas el éxito, me quiere más que a nada. - Gabriel García Márquez."
images/synthetic_line_00129.png,Mi mujer soñada me quiere más que a nada.
images/synthetic_line_00130.png,Un corazón sincero ilumina cada rincón del alma.
images/synthetic_line_00131.png,Eres mi mejor compañía es la razón de sonreír a diario. - Julio Cortázar.
images/synthetic_line_00132.png,Tu mirada alcanza cimas que parecían lejanas.
images/synthetic_line_00133.png,La libertad por la que sonrío todos los días.
images/synthetic_line_00134.png,Un corazón rebelde vence cualquier obstáculo con calma.
images/synthetic_line_00135.png,La perseverancia y mi mayor apoyo.
images/synthetic_line_00136.png,Su mirada me dice que todo saldrá bien.
images/synthetic_line_00137.png,"Un corazón rebelde ilumina mi vida por completo. - Madrid, 03/09/92"
images/synthetic_line_00138.png,"Mi mujer es la razón de sonreír a diario. - Madrid, 03/09/92"
images/synthetic_line_00139.png,"No te rindas, vence cualquier obstáculo con calma."
images/synthetic_line_00140.png,Mi mujer soñada me cuida como a una flor. - Mario Benedetti.
images/synthetic_line_00141.png,Eres mi mejor compañía cuida sus flores cada día.
images/synthetic_line_00142.png,Un buen recuerdo me quiere más que a nada.
images/synthetic_line_00143.png,Mi hombre guía los pasos hacia nuevos horizontes. - Jorge Luis Borges.
images/synthetic_line_00144.png,"No te rindas, da sentido a los pequeños instantes."
images/synthetic_line_00145.png,El hombre ilumina cada rincón del alma. - Ref: 984-A / Cuaderno.
images/synthetic_line_00146.png,"Mi mujer cuida sus flores cada día. - Madrid, 03/09/92"
images/synthetic_line_00147.png,Eres mi mejor compañía ilumina mi vida por completo.
images/synthetic_line_00148.png,Su mirada por la que sonrío todos los días.
images/synthetic_line_00149.png,Tu sonrisa ilumina mi vida por completo. - Pablo Neruda.
images/synthetic_line_00150.png,Cada atardecer y mi mayor apoyo.
images/synthetic_line_00151.png,Su mirada es un regalo que no debemos olvidar.
images/synthetic_line_00152.png,La vida guía los pasos hacia nuevos horizontes. - Antonio Machado.
images/synthetic_line_00153.png,Mi mujer soñada cuida sus flores cada día.
images/synthetic_line_00154.png,Cada amanecer alcanza cimas que parecían lejanas. - Gabriel García Márquez.
images/synthetic_line_00155.png,Su sonrisa ilumina mi vida por completo.
images/synthetic_line_00156.png,La vida vence cualquier obstáculo con calma.
images/synthetic_line_00157.png,El tiempo compartido me quiere más que a nada. - Saludos desde Cádiz
images/synthetic_line_00158.png,Agradezco me dice que todo saldrá bien. - Mario Benedetti.
images/synthetic_line_00159.png,Eres la razón es la razón de sonreír a diario.
images/synthetic_line_00160.png,El hombre transforma la rutina en pura magia. - Mario Benedetti.
images/synthetic_line_00161.png,"Si buscas el éxito, sabe que todo vale la pena. - Jorge Luis Borges."
images/synthetic_line_00162.png,Eres mi mejor compañía pertenece a mi vida. - Jorge Luis Borges.
images/synthetic_line_00163.png,La vida vence cualquier obstáculo con calma. - Saludos desde Madrid.
images/synthetic_line_00164.png,Mi hombre soñado me cuida como a una flor.
images/synthetic_line_00165.png,Vuestra memoria pertenece a mi vida. - Mario Benedetti.
images/synthetic_line_00166.png,Escribir poemas prometo ser tu cielo.
images/synthetic_line_00167.png,Eres la razón cuida sus flores cada día. - Saludos desde Madrid.
images/synthetic_line_00168.png,El viaje nos enseña a valorar lo simple.
images/synthetic_line_00169.png,Tu sonrisa guía los pasos hacia nuevos horizontes.
images/synthetic_line_00170.png,La vida sabe que todo vale la pena. - Federico García Lorca.
images/synthetic_line_00171.png,Escribir poemas es la razón de sonreír a diario.
images/synthetic_line_00172.png,El mayor tesoro alcanza cimas que parecían lejanas.
images/synthetic_line_00173.png,La mujer que amas alcanza cimas que parecían lejanas. - Gustavo Adolfo Bécquer.
images/synthetic_line_00174.png,Vuestra memoria huele a rosas frescas. - Saludos desde Cádiz
images/synthetic_line_00175.png,El amor de mi vida me quiere más que a nada. - Gustavo Adolfo Bécquer.
images/synthetic_line_00176.png,Mi hombre soñado cuida sus flores cada día. - Mario Benedetti.
images/synthetic_line_00177.png,El amor de mi vida tiene un corazón rebelde.
images/synthetic_line_00178.png,Tú sabe que todo vale la pena.
images/synthetic_line_00179.png,La libertad me cuida como a una flor.
images/synthetic_line_00180.png,Caminar juntos cuida sus flores cada día. - Saludos desde Madrid.
images/synthetic_line_00181.png,Caminar juntos cuida sus flores cada día.
images/synthetic_line_00182.png,"Si buscas el éxito, abre senderos que antes no existían. - Antonio Machado."
images/synthetic_line_00183.png,La perseverancia transforma la rutina en pura magia.
images/synthetic_line_00184.png,Mi mujer vence cualquier obstáculo con calma.
images/synthetic_line_00185.png,Un corazón rebelde alcanza cimas que parecían lejanas. L.L.L. ~ 02-10-23
images/synthetic_line_00186.png,El mayor tesoro ilumina mi vida por completo. - Pablo Neruda.
images/synthetic_line_00187.png,Su mirada transforma la rutina en pura magia.
images/synthetic_line_00188.png,Mi hombre soñado hace que todo sea más hermoso.
images/synthetic_line_00189.png,Mi mujer soñada hace que todo sea más hermoso.
images/synthetic_line_00190.png,Escribir poemas y mi mayor apoyo.
images/synthetic_line_00191.png,La mujer que amas ilumina cada rincón del alma. L.L.L. ~ 02-10-23
images/synthetic_line_00192.png,Nuestra memoria es un regalo que no debemos olvidar.
images/synthetic_line_00193.png,Tu presencia me quiere más que a nada.
images/synthetic_line_00194.png,Cada atardecer prometo ser tu cielo.
images/synthetic_line_00195.png,Cada amanecer cuida sus flores cada día. - Ref: 984-A / Cuaderno.
images/synthetic_line_00196.png,Un corazón rebelde alcanza cimas que parecían lejanas.
images/synthetic_line_00197.png,El tiempo compartido transforma la rutina en pura magia. - Notas del día 15-08-24.
images/synthetic_line_00198.png,El hombre que amas hace que todo sea más hermoso.
images/synthetic_line_00199.png,El viaje abre senderos que antes no existían.
images/synthetic_line_00200.png,La vida me dice que todo saldrá bien.
images/synthetic_line_00201.png,La mujer prometo ser tu cielo.
images/synthetic_line_00202.png,Un corazón sincero construye puentes sobre mares agitados.
images/synthetic_line_00203.png,Mi hombre despierta pasiones dormidas.
images/synthetic_line_00204.png,El viaje cuida sus flores cada día.
images/synthetic_line_00205.png,Cada atardecer despierta pasiones dormidas.
images/synthetic_line_00206.png,La perseverancia da sentido a los pequeños instantes.
images/synthetic_line_00207.png,El amor de mi vida me dice que todo saldrá bien.
images/synthetic_line_00208.png,La vida da sentido a los pequeños instantes.
images/synthetic_line_00209.png,El camino transforma la rutina en pura magia. - Ref: 984-A / Cuaderno.
images/synthetic_line_00210.png,Tú sabe que todo vale la pena.
images/synthetic_line_00211.png,Caminar juntos guía los pasos hacia nuevos horizontes. - Mario Benedetti.
images/synthetic_line_00212.png,El camino pertenece a mi vida.
images/synthetic_line_00213.png,Eres mi mejor compañía sabe que todo vale la pena. - Gustavo Adolfo Bécquer.
images/synthetic_line_00214.png,Agradezco cuida sus flores cada día.
images/synthetic_line_00215.png,Eres la razón prometo ser tu cielo. - Isabel Allende.
images/synthetic_line_00216.png,El camino es un regalo que no debemos olvidar. - Federico García Lorca.
images/synthetic_line_00217.png,Mi hombre soñado alcanza cimas que parecían lejanas. - Mario Benedetti.
images/synthetic_line_00218.png,"No te rindas, me dice que todo saldrá bien. L.L.L. ~ 02-10-23"
images/synthetic_line_00219.png,"Eres mi mejor compañía me quiere más que a nada. - Madrid, 03/09/92"
images/synthetic_line_00220.png,Mi mujer soñada es la razón de sonreír a diario.
images/synthetic_line_00221.png,Tu presencia pertenece a mi vida.
images/synthetic_line_00222.png,Tu presencia ilumina cada rincón del alma. - Gabriel García Márquez.
images/synthetic_line_00223.png,Vuestra memoria hace que todo sea más hermoso.
images/synthetic_line_00224.png,El hombre que amas da sentido a los pequeños instantes.
images/synthetic_line_00225.png,Cada amanecer guía los pasos hacia nuevos horizontes. - Federico García Lorca.
images/synthetic_line_00226.png,Un corazón sincero tiene un corazón rebelde. - Saludos desde Madrid.
images/synthetic_line_00227.png,Nuestra memoria tiene un corazón rebelde. - Pablo Neruda.
images/synthetic_line_00228.png,Un buen recuerdo deja huellas imborrables en el tiempo.
images/synthetic_line_00229.png,Nuestra memoria deja huellas imborrables en el tiempo. - Federico García Lorca.
images/synthetic_line_00230.png,Eres mi mejor compañía sabe protegerme siempre. - Federico García Lorca.
images/synthetic_line_00231.png,Eres la razón y mi mayor apoyo.
images/synthetic_line_00232.png,Nuestra memoria deja huellas imborrables en el tiempo. - Federico García Lorca.
images/synthetic_line_00233.png,"Tú abre senderos que antes no existían. - Madrid, 03/09/92"
images/synthetic_line_00234.png,La paciencia es la razón de sonreír a diario.
images/synthetic_line_00235.png,Nuestra memoria nos enseña a valorar lo simple. - Saludos desde Cádiz
images/synthetic_line_00236.png,Cada amanecer sabe que todo vale la pena. - Ref: 984-A / Cuaderno.
images/synthetic_line_00237.png,Tu presencia transforma la rutina en pura magia. - Saludos desde Cádiz
images/synthetic_line_00238.png,Eres mi mejor compañía abre senderos que antes no existían. - Saludos desde Madrid.
images/synthetic_line_00239.png,"Si buscas el éxito, despierta pasiones dormidas. - Gabriel García Márquez."
images/synthetic_line_00240.png,La vida ilumina cada rincón del alma. - Jorge Luis Borges.
images/synthetic_line_00241.png,"Si quieres ser mi estrella, abre senderos que antes no existían. - Notas del día 15-08-24."
images/synthetic_line_00242.png,El hombre que amas por la que sonrío todos los días. - Julio Cortázar.
images/synthetic_line_00243.png,Mi mujer da sentido a los pequeños instantes.
images/synthetic_line_00244.png,La perseverancia da sentido a los pequeños instantes. - Notas del día 15-08-24.
images/synthetic_line_00245.png,El hombre que amas me dice que todo saldrá bien. - Gabriel García Márquez.
images/synthetic_line_00246.png,El hombre que amas cuida sus flores cada día. - Saludos desde Madrid.
images/synthetic_line_00247.png,Cada amanecer vence cualquier obstáculo con calma.
images/synthetic_line_00248.png,Mi mujer soñada pertenece a mi vida.
images/synthetic_line_00249.png,El hombre por la que sonrío todos los días.
images/synthetic_line_00250.png,La perseverancia da sentido a los pequeños instantes.
images/synthetic_line_00251.png,Mi hombre soñado guía los pasos hacia nuevos horizontes.
images/synthetic_line_00252.png,La perseverancia transforma la rutina en pura magia.
images/synthetic_line_00253.png,Mi hombre soñado despierta pasiones dormidas.
images/synthetic_line_00254.png,Un buen recuerdo vence cualquier obstáculo con calma. - Saludos desde Cádiz
images/synthetic_line_00255.png,Eres la razón me cuida como a una flor.
images/synthetic_line_00256.png,El tiempo compartido alcanza cimas que parecían lejanas.
images/synthetic_line_00257.png,Caminar juntos cuida sus flores cada día. - Saludos desde Madrid.
images/synthetic_line_00258.png,Tú merece vivirse con toda la intensidad.
images/synthetic_line_00259.png,Mi mujer ilumina cada rincón del alma. - Saludos desde Cádiz
images/synthetic_line_00260.png,La paciencia cuida sus flores cada día. - Federico García Lorca.
images/synthetic_line_00261.png,El mayor tesoro abre senderos que antes no existían. - Jorge Luis Borges.
images/synthetic_line_00262.png,Tu amor transforma la rutina en pura magia. - Ref: 984-A / Cuaderno.
images/synthetic_line_00263.png,Tu presencia me quiere más que a nada. - Octavio Paz.
images/synthetic_line_00264.png,Un corazón rebelde ilumina cada rincón del alma. - Notas del día 15-08-24.
images/synthetic_line_00265.png,Cada amanecer vence cualquier obstáculo con calma.
images/synthetic_line_00266.png,"Si quieres ser mi estrella, pertenece a mi vida."
images/synthetic_line_00267.png,"Si buscas el éxito, alcanza cimas que parecían lejanas."
images/synthetic_line_00268.png,"Si quieres ser mi estrella, huele a rosas frescas."
images/synthetic_line_00269.png,Nuestra memoria ilumina cada rincón del alma.
images/synthetic_line_00270.png,Mi hombre transforma la rutina en pura magia.
images/synthetic_line_00271.png,La mujer merece vivirse con toda la intensidad.
images/synthetic_line_00272.png,Su mirada despierta pasiones dormidas.
images/synthetic_line_00273.png,La vida nos enseña a valorar lo simple.
images/synthetic_line_00274.png,"La mujer me quiere más que a nada. - Madrid, 03/09/92"
images/synthetic_line_00275.png,"Si quieres ser mi estrella, me cuida como a una flor. - Saludos desde Madrid."
images/synthetic_line_00276.png,Su mirada nos enseña a valorar lo simple. - Isabel Allende.
images/synthetic_line_00277.png,Tu mirada tiene un corazón rebelde. - Julio Cortázar.
images/synthetic_line_00278.png,Tu sonrisa tiene un corazón rebelde. - Saludos desde Madrid.
images/synthetic_line_00279.png,El viaje vence cualquier obstáculo con calma.
images/synthetic_line_00280.png,Cada amanecer me quiere más que a nada. - Notas del día 15-08-24.
images/synthetic_line_00281.png,"Cada amanecer me cuida como a una flor. - Madrid, 03/09/92"
images/synthetic_line_00282.png,El amor de mi vida ilumina cada rincón del alma. - Notas del día 15-08-24.
images/synthetic_line_00283.png,El amor de mi vida me quiere más que a nada. - Gustavo Adolfo Bécquer.
images/synthetic_line_00284.png,Caminar juntos cuida sus flores cada día. - Saludos desde Madrid.
images/synthetic_line_00285.png,"No te rindas, guía los pasos hacia nuevos horizontes."
images/synthetic_line_00286.png,La mujer que amas me dice que todo saldrá bien. L.L.L. ~ 02-10-23
images/synthetic_line_00287.png,Cada amanecer da sentido a los pequeños instantes.
images/synthetic_line_00288.png,Escribir poemas y mi mayor apoyo.
images/synthetic_line_00289.png,El camino da sentido a los pequeños instantes. - Saludos desde Cádiz
images/synthetic_line_00290.png,Eres mi mejor compañía sabe que todo vale la pena. - Julio Cortázar.
images/synthetic_line_00291.png,Caminar juntos prometo ser tu cielo. - Pablo Neruda.
images/synthetic_line_00292.png,La vida da sentido a los pequeños instantes. - Gustavo Adolfo Bécquer.
images/synthetic_line_00293.png,El tiempo compartido nos enseña a valorar lo simple. - Saludos desde Madrid.
images/synthetic_line_00294.png,El amor de mi vida es la razón de sonreír a diario. - Ref: 984-A / Cuaderno.
images/synthetic_line_00295.png,El viaje despierta pasiones dormidas. - Notas del día 15-08-24.
images/synthetic_line_00296.png,Mi mujer soñada me cuida como a una flor. - Mario Benedetti.
images/synthetic_line_00297.png,Cada atardecer es un regalo que no debemos olvidar. - Antonio Machado.
images/synthetic_line_00298.png,Eres mi mejor compañía tiene un corazón rebelde. - Antonio Machado.
images/synthetic_line_00299.png,Cada amanecer me quiere más que a nada. - Notas del día 15-08-24.
images/synthetic_line_00300.png,Escribir poemas es la razón de sonreír a diario.
images/synthetic_line_00301.png,La libertad me dice que todo saldrá bien. - Notas del día 15-08-24.
images/synthetic_line_00302.png,Tu mirada y mi mayor apoyo. - Gustavo Adolfo Bécquer.
images/synthetic_line_00303.png,Mi hombre soñado despierta pasiones dormidas. - Jorge Luis Borges.
images/synthetic_line_00304.png,Su mirada cuida sus flores cada día. - Pablo Neruda.
images/synthetic_line_00305.png,Cada amanecer huele a rosas frescas.
images/synthetic_line_00306.png,El mayor tesoro nos enseña a valorar lo simple.
images/synthetic_line_00307.png,El hombre que amas hace que todo sea más hermoso. - Julio Cortázar.
images/synthetic_line_00308.png,Nuestra memoria ilumina mi vida por completo. - Octavio Paz.
images/synthetic_line_00309.png,Su mirada es un regalo que no debemos olvidar.
images/synthetic_line_00310.png,La perseverancia ilumina mi vida por completo.
images/synthetic_line_00311.png,Su mirada pertenece a mi vida. - Octavio Paz.
images/synthetic_line_00312.png,El hombre que amas vence cualquier obstáculo con calma. - Saludos desde Cádiz
images/synthetic_line_00313.png,Cada amanecer y mi mayor apoyo.
images/synthetic_line_00314.png,Cada amanecer hace que todo sea más hermoso.
images/synthetic_line_00315.png,Tu presencia ilumina cada rincón del alma. - Gabriel García Márquez.
images/synthetic_line_00316.png,Un corazón sincero es la razón de sonreír a diario. - Octavio Paz.
images/synthetic_line_00317.png,El viaje construye puentes sobre mares agitados. - Gustavo Adolfo Bécquer.
images/synthetic_line_00318.png,El tiempo compartido me quiere más que a nada. - Saludos desde Cádiz
images/synthetic_line_00319.png,Agradezco acompaña las noches de invierno. - Ref: 984-A / Cuaderno.
images/synthetic_line_00320.png,La paciencia y mi mayor apoyo. - Octavio Paz.
images/synthetic_line_00321.png,La mujer construye puentes sobre mares agitados. - Antonio Machado.
images/synthetic_line_00322.png,Un buen recuerdo me quiere más que a nada. - Federico García Lorca.
images/synthetic_line_00323.png,Tu presencia construye puentes sobre mares agitados. - Federico García Lorca.
images/synthetic_line_00324.png,Tú ilumina mi vida por completo.
images/synthetic_line_00325.png,Su sonrisa ilumina cada rincón del alma.
images/synthetic_line_00326.png,El viaje pertenece a mi vida. - Ref: 984-A / Cuaderno.
images/synthetic_line_00327.png,Mi hombre soñado nos enseña a valorar lo simple.
images/synthetic_line_00328.png,"La mujer me quiere más que a nada. - Madrid, 03/09/92"
images/synthetic_line_00329.png,Su mirada sabe protegerme siempre.
images/synthetic_line_00330.png,El amor de mi vida sabe que todo vale la pena. - Antonio Machado.
images/synthetic_line_00331.png,El mayor tesoro me quiere más que a nada. - Ref: 984-A / Cuaderno.
images/synthetic_line_00332.png,Vuestra memoria sabe que todo vale la pena. - Mario Benedetti.
images/synthetic_line_00333.png,Cada amanecer prometo ser tu cielo.
images/synthetic_line_00334.png,"Cada amanecer es un regalo que no debemos olvidar. - Madrid, 03/09/92"
images/synthetic_line_00335.png,Caminar juntos huele a rosas frescas. - Saludos desde Cádiz
images/synthetic_line_00336.png,El amor de mi vida vence cualquier obstáculo con calma. - Pablo Neruda.
images/synthetic_line_00337.png,La mujer que amas me dice que todo saldrá bien. L.L.L. ~ 02-10-23
images/synthetic_line_00338.png,El amor de mi vida tiene un corazón rebelde.
images/synthetic_line_00339.png,"Si buscas el éxito, alcanza cimas que parecían lejanas. L.L.L. ~ 02-10-23"
images/synthetic_line_00340.png,Un corazón rebelde merece vivirse con toda la intensidad.
images/synthetic_line_00341.png,Su mirada pertenece a mi vida. - Mario Benedetti.
images/synthetic_line_00342.png,Cada amanecer tiene un corazón rebelde. - Octavio Paz.
images/synthetic_line_00343.png,Vuestra memoria prometo ser tu cielo. - Ref: 984-A / Cuaderno.
images/synthetic_line_00344.png,"No te rindas, nos enseña a valorar lo simple."
images/synthetic_line_00345.png,La vida huele a rosas frescas. - Antonio Machado.
images/synthetic_line_00346.png,El mayor tesoro hace que todo sea más hermoso.
images/synthetic_line_00347.png,"Si quieres ser mi estrella, me cuida como a una flor."
images/synthetic_line_00348.png,El amor de mi vida es la razón de sonreír a diario. - Octavio Paz.
images/synthetic_line_00349.png,El amor de mi vida me quiere más que a nada.
images/synthetic_line_00350.png,Eres la razón vence cualquier obstáculo con calma.
images/synthetic_line_00351.png,El tiempo compartido nos enseña a valorar lo simple. - Julio Cortázar.
images/synthetic_line_00352.png,Su mirada construye puentes sobre mares agitados.
images/synthetic_line_00353.png,Mi mujer ilumina cada rincón del alma. - Saludos desde Cádiz
images/synthetic_line_00354.png,La vida nos enseña a valorar lo simple. - Octavio Paz.
images/synthetic_line_00355.png,Un buen recuerdo sabe que todo vale la pena.
images/synthetic_line_00356.png,El hombre que amas da sentido a los pequeños instantes. - Julio Cortázar.
images/synthetic_line_00357.png,Mi hombre hace que todo sea más hermoso.
images/synthetic_line_00358.png,La libertad acompaña las noches de invierno. L.L.L. ~ 02-10-23
images/synthetic_line_00359.png,Cada atardecer prometo ser tu cielo.
images/synthetic_line_00360.png,Escribir poemas me quiere más que a nada. - Octavio Paz.
images/synthetic_line_00361.png,- Jorge Luis Borges.
images/synthetic_line_00362.png,Vuestra memoria despierta pasiones dormidas. - Ref: 984-A / Cuaderno.
images/synthetic_line_00363.png,Un corazón sincero construye puentes sobre mares agitados. L.L.L. ~ 02-10-23
images/synthetic_line_00364.png,Vuestra memoria me dice que todo saldrá bien.
images/synthetic_line_00365.png,Cada amanecer sabe protegerme siempre.
images/synthetic_line_00366.png,Tu mirada tiene un corazón rebelde. - Julio Cortázar.
images/synthetic_line_00367.png,"No te rindas, me quiere más que a nada. - Gustavo Adolfo Bécquer."
images/synthetic_line_00368.png,Vuestra memoria sabe protegerme siempre.
images/synthetic_line_00369.png,Mi hombre soñado tiene un corazón rebelde. - Isabel Allende.
images/synthetic_line_00370.png,"Si buscas el éxito, sabe protegerme siempre."
images/synthetic_line_00371.png,Caminar juntos merece vivirse con toda la intensidad. - Ref: 984-A / Cuaderno.
images/synthetic_line_00372.png,El viaje despierta pasiones dormidas. - Notas del día 15-08-24.
images/synthetic_line_00373.png,Mi hombre soñado nos enseña a valorar lo simple.
images/synthetic_line_00374.png,"Si quieres ser mi estrella, sabe protegerme siempre. - Julio Cortázar."
images/synthetic_line_00375.png,Cada atardecer y mi mayor apoyo. - Pablo Neruda.
images/synthetic_line_00376.png,La libertad ilumina cada rincón del alma.
images/synthetic_line_00377.png,Tu sonrisa nos enseña a valorar lo simple.
images/synthetic_line_00378.png,Un buen recuerdo ilumina cada rincón del alma.
images/synthetic_line_00379.png,El amor de mi vida da sentido a los pequeños instantes.
images/synthetic_line_00380.png,El viaje despierta pasiones dormidas. - Notas del día 15-08-24.
images/synthetic_line_00381.png,"No te rindas, acompaña las noches de invierno. - Madrid, 03/09/92"
images/synthetic_line_00382.png,Nuestra memoria me quiere más que a nada. - Jorge Luis Borges.
images/synthetic_line_00383.png,"La vida acompaña las noches de invierno. - Madrid, 03/09/92"
images/synthetic_line_00384.png,La mujer que amas acompaña las noches de invierno. - Antonio Machado.
images/synthetic_line_00385.png,"Cada amanecer es un regalo que no debemos olvidar. - Madrid, 03/09/92"
images/synthetic_line_00386.png,Su mirada transforma la rutina en pura magia.
images/synthetic_line_00387.png,Eres mi mejor compañía merece vivirse con toda la intensidad. L.L.L. ~ 02-10-23
images/synthetic_line_00388.png,- Saludos desde Madrid.
images/synthetic_line_00389.png,Escribir poemas huele a rosas frescas. - Gustavo Adolfo Bécquer.
images/synthetic_line_00390.png,Un corazón sincero me dice que todo saldrá bien. - Saludos desde Madrid.
images/synthetic_line_00391.png,Su mirada alcanza cimas que parecían lejanas.
images/synthetic_line_00392.png,Escribir poemas construye puentes sobre mares agitados. - Pablo Neruda.
images/synthetic_line_00393.png,Tu mirada cuida sus flores cada día.
images/synthetic_line_00394.png,Caminar juntos hace que todo sea más hermoso.
images/synthetic_line_00395.png,Cada amanecer da sentido a los pequeños instantes. - Octavio Paz.
images/synthetic_line_00396.png,Escribir poemas por la que sonrío todos los días. - Jorge Luis Borges.
images/synthetic_line_00397.png,Vuestra memoria transforma la rutina en pura magia.
images/synthetic_line_00398.png,L.L.L. ~ 02-10-23
images/synthetic_line_00399.png,La perseverancia pertenece a mi vida. L.L.L. ~ 02-10-23
images/synthetic_line_00400.png,El camino cuida sus flores cada día. - Mario Benedetti.
images/synthetic_line_00401.png,El tiempo compartido es la razón de sonreír a diario.
images/synthetic_line_00402.png,La mujer que amas tiene un corazón rebelde. - Mario Benedetti.
images/synthetic_line_00403.png,Tu mirada y mi mayor apoyo. - Gustavo Adolfo Bécquer.
images/synthetic_line_00404.png,El hombre me dice que todo saldrá bien. - Saludos desde Madrid.
images/synthetic_line_00405.png,Vuestra memoria es un regalo que no debemos olvidar. - Notas del día 15-08-24.
images/synthetic_line_00406.png,Mi hombre soñado ilumina mi vida por completo. - Antonio Machado.
images/synthetic_line_00407.png,Un buen recuerdo nos enseña a valorar lo simple.
images/synthetic_line_00408.png,Mi mujer huele a rosas frescas. - Ref: 984-A / Cuaderno.
images/synthetic_line_00409.png,"El camino acompaña las noches de invierno. - Madrid, 03/09/92"
images/synthetic_line_00410.png,Nuestra memoria merece vivirse con toda la intensidad. - Julio Cortázar.
images/synthetic_line_00411.png,"Si buscas el éxito, pertenece a mi vida. - Octavio Paz."
images/synthetic_line_00412.png,Un buen recuerdo me quiere más que a nada. - Federico García Lorca.
images/synthetic_line_00413.png,Nuestra memoria nos enseña a valorar lo simple.
images/synthetic_line_00414.png,"Vuestra memoria acompaña las noches de invierno. - Madrid, 03/09/92"
images/synthetic_line_00415.png,"Si quieres ser mi estrella, me cuida como a una flor. - Saludos desde Madrid."
images/synthetic_line_00416.png,El hombre prometo ser tu cielo.
images/synthetic_line_00417.png,"No te rindas, sabe protegerme siempre. L.L.L. ~ 02-10-23"
images/synthetic_line_00418.png,El amor de mi vida es la razón de sonreír a diario. - Octavio Paz.
images/synthetic_line_00419.png,Nuestra memoria merece vivirse con toda la intensidad. - Gustavo Adolfo Bécquer.
images/synthetic_line_00420.png,La mujer que amas ilumina cada rincón del alma. L.L.L. ~ 02-10-23
images/synthetic_line_00421.png,- Federico García Lorca.
images/synthetic_line_00422.png,Nuestra memoria y mi mayor apoyo.
images/synthetic_line_00423.png,"Si buscas el éxito, acompaña las noches de invierno. - Madrid, 03/09/92"
images/synthetic_line_00424.png,El hombre que amas da sentido a los pequeños instantes.
images/synthetic_line_00425.png,Caminar juntos guía los pasos hacia nuevos horizontes. - Mario Benedetti.
images/synthetic_line_00426.png,Cada amanecer es un regalo que no debemos olvidar. - Isabel Allende.
images/synthetic_line_00427.png,"Si buscas el éxito, sabe protegerme siempre."
images/synthetic_line_00428.png,Tu presencia sabe protegerme siempre. - Ref: 984-A / Cuaderno.
images/synthetic_line_00429.png,"Si buscas el éxito, ilumina cada rincón del alma. - Mario Benedetti."
images/synthetic_line_00430.png,El amor de mi vida por la que sonrío todos los días.
images/synthetic_line_00431.png,Vuestra memoria es la razón de sonreír a diario. - Jorge Luis Borges.
images/synthetic_line_00432.png,Tu sonrisa acompaña las noches de invierno. - Mario Benedetti.
images/synthetic_line_00433.png,Un corazón rebelde sabe que todo vale la pena.
images/synthetic_line_00434.png,La paciencia tiene un corazón rebelde.
images/synthetic_line_00435.png,Cada amanecer hace que todo sea más hermoso.
images/synthetic_line_00436.png,Tu amor me cuida como a una flor. - Saludos desde Madrid.
images/synthetic_line_00437.png,La perseverancia abre senderos que antes no existían. - Julio Cortázar.
images/synthetic_line_00438.png,Eres mi mejor compañía tiene un corazón rebelde. - Gustavo Adolfo Bécquer.
images/synthetic_line_00439.png,Eres mi mejor compañía merece vivirse con toda la intensidad. - Ref: 984-A / Cuaderno.
images/synthetic_line_00440.png,Un corazón rebelde despierta pasiones dormidas.
images/synthetic_line_00441.png,Tu sonrisa transforma la rutina en pura magia. L.L.L. ~ 02-10-23
images/synthetic_line_00442.png,Su mirada nos enseña a valorar lo simple.
images/synthetic_line_00443.png,El hombre da sentido a los pequeños instantes.
images/synthetic_line_00444.png,La paciencia guía los pasos hacia nuevos horizontes. - Isabel Allende.
images/synthetic_line_00445.png,Escribir poemas me quiere más que a nada. - Federico García Lorca.
images/synthetic_line_00446.png,Tu amor ilumina mi vida por completo. - Octavio Paz.
images/synthetic_line_00447.png,Escribir poemas pertenece a mi vida. - Mario Benedetti.
images/synthetic_line_00448.png,El camino merece vivirse con toda la intensidad. - Saludos desde Cádiz
images/synthetic_line_00449.png,Su sonrisa sabe protegerme siempre. - Antonio Machado.
images/synthetic_line_00450.png,Mi hombre me dice que todo saldrá bien.
images/synthetic_line_00451.png,Tu amor por la que sonrío todos los días.
images/synthetic_line_00452.png,El camino despierta pasiones dormidas.
images/synthetic_line_00453.png,El mayor tesoro por la que sonrío todos los días. - Saludos desde Madrid.
images/synthetic_line_00454.png,Vuestra memoria huele a rosas frescas.
images/synthetic_line_00455.png,La vida cuida sus flores cada día. - Octavio Paz.
images/synthetic_line_00456.png,La vida sabe que todo vale la pena. - Federico García Lorca.
images/synthetic_line_00457.png,"Tu sonrisa me cuida como a una flor. - Madrid, 03/09/92"
images/synthetic_line_00458.png,"Cada amanecer me cuida como a una flor. - Madrid, 03/09/92"
images/synthetic_line_00459.png,El amor de mi vida me quiere más que a nada. - Gustavo Adolfo Bécquer.
images/synthetic_line_00460.png,Caminar juntos me quiere más que a nada.
images/synthetic_line_00461.png,La perseverancia me dice que todo saldrá bien. - Saludos desde Madrid.
images/synthetic_line_00462.png,La libertad hace que todo sea más hermoso.
images/synthetic_line_00463.png,La vida pertenece a mi vida. - Notas del día 15-08-24.
images/synthetic_line_00464.png,Tu presencia y mi mayor apoyo. - Saludos desde Madrid.
images/synthetic_line_00465.png,Tu mirada pertenece a mi vida.
images/synthetic_line_00466.png,La mujer alcanza cimas que parecían lejanas. - Jorge Luis Borges.
images/synthetic_line_00467.png,La paciencia da sentido a los pequeños instantes.
images/synthetic_line_00468.png,Vuestra memoria transforma la rutina en pura magia.
images/synthetic_line_00469.png,Su mirada pertenece a mi vida. - Mario Benedetti.
images/synthetic_line_00470.png,La perseverancia es la razón de sonreír a diario. - Gustavo Adolfo Bécquer.
images/synthetic_line_00471.png,Eres mi mejor compañía merece vivirse con toda la intensidad.
images/synthetic_line_00472.png,Un corazón sincero es la razón de sonreír a diario.
images/synthetic_line_00473.png,Tú huele a rosas frescas. - Gustavo Adolfo Bécquer.
images/synthetic_line_00474.png,Tu sonrisa y mi mayor apoyo. - Saludos desde Cádiz
images/synthetic_line_00475.png,"Si quieres ser mi estrella, sabe que todo vale la pena."
images/synthetic_line_00476.png,Mi mujer cuida sus flores cada día. - Julio Cortázar.
images/synthetic_line_00477.png,Su mirada abre senderos que antes no existían. L.L.L. ~ 02-10-23
images/synthetic_line_00478.png,"No te rindas, construye puentes sobre mares agitados. - Octavio Paz."
images/synthetic_line_00479.png,"Un corazón rebelde ilumina mi vida por completo. - Madrid, 03/09/92"
images/synthetic_line_00480.png,Tu mirada cuida sus flores cada día. - Antonio Machado.
images/synthetic_line_00481.png,Eres mi mejor compañía acompaña las noches de invierno. - Antonio Machado.
images/synthetic_line_00482.png,Vuestra memoria cuida sus flores cada día.
images/synthetic_line_00483.png,Cada amanecer tiene un corazón rebelde. - Octavio Paz.
images/synthetic_line_00484.png,Caminar juntos sabe protegerme siempre.
images/synthetic_line_00485.png,Tu amor por la que sonrío todos los días.
images/synthetic_line_00486.png,Tu amor es un regalo que no debemos olvidar.
images/synthetic_line_00487.png,"No te rindas, es la razón de sonreír a diario."
images/synthetic_line_00488.png,Cada atardecer cuida sus flores cada día.
images/synthetic_line_00489.png,Un corazón rebelde y mi mayor apoyo. - Gustavo Adolfo Bécquer.
images/synthetic_line_00490.png,Escribir poemas prometo ser tu cielo. - Notas del día 15-08-24.
images/synthetic_line_00491.png,Cada amanecer huele a rosas frescas.
images/synthetic_line_00492.png,Agradezco me dice que todo saldrá bien.
images/synthetic_line_00493.png,Mi hombre soñado despierta pasiones dormidas. L.L.L. ~ 02-10-23
images/synthetic_line_00494.png,El amor de mi vida es la razón de sonreír a diario.
images/synthetic_line_00495.png,Cada amanecer vence cualquier obstáculo con calma. - Antonio Machado.
images/synthetic_line_00496.png,Tu amor pertenece a mi vida. - Notas del día 15-08-24.
images/synthetic_line_00497.png,Mi hombre prometo ser tu cielo.
images/synthetic_line_00498.png,Caminar juntos construye puentes sobre mares agitados.
images/synthetic_line_00499.png,El mayor tesoro transforma la rutina en pura magia.
images/synthetic_line_00500.png,El amor de mi vida es la razón de sonreír a diario. - Ref: 984-A / Cuaderno.
images/synthetic_line_00501.png,El mayor tesoro nos enseña a valorar lo simple.
images/synthetic_line_00502.png,"Si buscas el éxito, alcanza cimas que parecían lejanas. - Gustavo Adolfo Bécquer."
images/synthetic_line_00503.png,Un buen recuerdo me quiere más que a nada.
images/synthetic_line_00504.png,Su sonrisa me quiere más que a nada.
images/synthetic_line_00505.png,La mujer que amas acompaña las noches de invierno. - Antonio Machado.
images/synthetic_line_00506.png,Tu presencia acompaña las noches de invierno.
images/synthetic_line_00507.png,Mi mujer soñada hace que todo sea más hermoso.
images/synthetic_line_00508.png,Agradezco cuida sus flores cada día. - Saludos desde Cádiz
images/synthetic_line_00509.png,El camino vence cualquier obstáculo con calma.
images/synthetic_line_00510.png,Un corazón sincero me cuida como a una flor.
images/synthetic_line_00511.png,La mujer me dice que todo saldrá bien. - Saludos desde Cádiz
images/synthetic_line_00512.png,Tú por la que sonrío todos los días.
images/synthetic_line_00513.png,Mi mujer merece vivirse con toda la intensidad. - Saludos desde Madrid.
images/synthetic_line_00514.png,El camino sabe protegerme siempre. L.L.L. ~ 02-10-23
images/synthetic_line_00515.png,"Si buscas el éxito, acompaña las noches de invierno. - Pablo Neruda."
images/synthetic_line_00516.png,La mujer acompaña las noches de invierno. - Saludos desde Cádiz
images/synthetic_line_00517.png,Cada amanecer transforma la rutina en pura magia.
images/synthetic_line_00518.png,Tu presencia hace que todo sea más hermoso. - Jorge Luis Borges.
images/synthetic_line_00519.png,El mayor tesoro da sentido a los pequeños instantes. - Octavio Paz.
images/synthetic_line_00520.png,La mujer deja huellas imborrables en el tiempo. - Julio Cortázar.
images/synthetic_line_00521.png,La mujer despierta pasiones dormidas. - Saludos desde Madrid.
images/synthetic_line_00522.png,Tú ilumina mi vida por completo. - Mario Benedetti.
images/synthetic_line_00523.png,Caminar juntos construye puentes sobre mares agitados.
images/synthetic_line_00524.png,Tu amor vence cualquier obstáculo con calma. - Notas del día 15-08-24.
images/synthetic_line_00525.png,Vuestra memoria nos enseña a valorar lo simple.
images/synthetic_line_00526.png,Tú guía los pasos hacia nuevos horizontes. - Mario Benedetti.
images/synthetic_line_00527.png,Mi hombre pertenece a mi vida. - Notas del día 15-08-24.
images/synthetic_line_00528.png,Mi mujer soñada merece vivirse con toda la intensidad.
images/synthetic_line_00529.png,- Federico García Lorca.
images/synthetic_line_00530.png,La libertad abre senderos que antes no existían.
images/synthetic_line_00531.png,"Si buscas el éxito, construye puentes sobre mares agitados. - Ref: 984-A / Cuaderno."
images/synthetic_line_00532.png,El tiempo compartido prometo ser tu cielo.
images/synthetic_line_00533.png,Cada amanecer vence cualquier obstáculo con calma. - Antonio Machado.
images/synthetic_line_00534.png,Su mirada es la razón de sonreír a diario.
images/synthetic_line_00535.png,La mujer que amas pertenece a mi vida.
images/synthetic_line_00536.png,La paciencia es la razón de sonreír a diario.
images/synthetic_line_00537.png,Tu presencia transforma la rutina en pura magia. - Saludos desde Cádiz
images/synthetic_line_00538.png,Un corazón sincero despierta pasiones dormidas. - Julio Cortázar.
images/synthetic_line_00539.png,Caminar juntos cuida sus flores cada día. - Mario Benedetti.
images/synthetic_line_00540.png,El camino ilumina mi vida por completo.
images/synthetic_line_00541.png,Mi mujer alcanza cimas que parecían lejanas. - Antonio Machado.
images/synthetic_line_00542.png,Vuestra memoria transforma la rutina en pura magia. - Jorge Luis Borges.
images/synthetic_line_00543.png,"El mayor tesoro cuida sus flores cada día. - Madrid, 03/09/92"
images/synthetic_line_00544.png,El amor de mi vida deja huellas imborrables en el tiempo. - Julio Cortázar.
images/synthetic_line_00545.png,Tú ilumina mi vida por completo. - Mario Benedetti.
images/synthetic_line_00546.png,La paciencia guía los pasos hacia nuevos horizontes. - Isabel Allende.
images/synthetic_line_00547.png,Tu amor es la razón de sonreír a diario. - Gabriel García Márquez.
images/synthetic_line_00548.png,Un buen recuerdo me quiere más que a nada. - Federico García Lorca.
images/synthetic_line_00549.png,Un buen recuerdo huele a rosas frescas.
images/synthetic_line_00550.png,Eres la razón abre senderos que antes no existían.
images/synthetic_line_00551.png,Tu sonrisa pertenece a mi vida. - Gustavo Adolfo Bécquer.
images/synthetic_line_00552.png,La mujer abre senderos que antes no existían. - Julio Cortázar.
images/synthetic_line_00553.png,"Mi hombre soñado vence cualquier obstáculo con calma. - Madrid, 03/09/92"
images/synthetic_line_00554.png,Mi hombre pertenece a mi vida.
images/synthetic_line_00555.png,Mi mujer cuida sus flores cada día.
images/synthetic_line_00556.png,"Tu amor por la que sonrío todos los días. - Madrid, 03/09/92"
images/synthetic_line_00557.png,La perseverancia y mi mayor apoyo. - Notas del día 15-08-24.
images/synthetic_line_00558.png,El mayor tesoro me quiere más que a nada.
images/synthetic_line_00559.png,Escribir poemas despierta pasiones dormidas. - Isabel Allende.
images/synthetic_line_00560.png,La libertad sabe protegerme siempre. - Antonio Machado.
images/synthetic_line_00561.png,Tu presencia transforma la rutina en pura magia. - Saludos desde Cádiz
images/synthetic_line_00562.png,Nuestra memoria por la que sonrío todos los días. - Julio Cortázar.
images/synthetic_line_00563.png,El tiempo compartido nos enseña a valorar lo simple.
images/synthetic_line_00564.png,El amor de mi vida me dice que todo saldrá bien.
images/synthetic_line_00565.png,"Si buscas el éxito, hace que todo sea más hermoso. - Gabriel García Márquez."
images/synthetic_line_00566.png,El mayor tesoro por la que sonrío todos los días.
images/synthetic_line_00567.png,Nuestra memoria es la razón de sonreír a diario.
images/synthetic_line_00568.png,Mi mujer me cuida como a una flor. - Gabriel García Márquez.
images/synthetic_line_00569.png,Tu mirada tiene un corazón rebelde. - Julio Cortázar.
images/synthetic_line_00570.png,Tu mirada y mi mayor apoyo. - Gustavo Adolfo Bécquer.
images/synthetic_line_00571.png,"Si quieres ser mi estrella, ilumina cada rincón del alma."
images/synthetic_line_00572.png,El hombre que amas alcanza cimas que parecían lejanas.
images/synthetic_line_00573.png,El viaje y mi mayor apoyo.
images/synthetic_line_00574.png,El mayor tesoro da sentido a los pequeños instantes. - Octavio Paz.
images/synthetic_line_00575.png,El hombre que amas alcanza cimas que parecían lejanas.
images/synthetic_line_00576.png,La mujer prometo ser tu cielo.
images/synthetic_line_00577.png,El hombre que amas hace que todo sea más hermoso.
images/synthetic_line_00578.png,Agradezco cuida sus flores cada día. - Saludos desde Cádiz
images/synthetic_line_00579.png,Tu presencia y mi mayor apoyo.
images/synthetic_line_00580.png,Mi mujer soñada me cuida como a una flor. - Mario Benedetti.
images/synthetic_line_00581.png,Tu mirada hace que todo sea más hermoso. - Jorge Luis Borges.
images/synthetic_line_00582.png,Mi mujer huele a rosas frescas.
images/synthetic_line_00583.png,La paciencia construye puentes sobre mares agitados. - Mario Benedetti.
images/synthetic_line_00584.png,Agradezco merece vivirse con toda la intensidad. - Ref: 984-A / Cuaderno.
images/synthetic_line_00585.png,Un corazón sincero es la razón de sonreír a diario. - Antonio Machado.
images/synthetic_line_00586.png,El camino acompaña las noches de invierno.
images/synthetic_line_00587.png,Tu presencia construye puentes sobre mares agitados. L.L.L. ~ 02-10-23
images/synthetic_line_00588.png,"Si quieres ser mi estrella, ilumina mi vida por completo. - Gabriel García Márquez."
images/synthetic_line_00589.png,La perseverancia merece vivirse con toda la intensidad. - Julio Cortázar.
images/synthetic_line_00590.png,La paciencia sabe protegerme siempre. L.L.L. ~ 02-10-23
images/synthetic_line_00591.png,La libertad hace que todo sea más hermoso.
images/synthetic_line_00592.png,Eres mi mejor compañía despierta pasiones dormidas.
images/synthetic_line_00593.png,La paciencia vence cualquier obstáculo con calma.
images/synthetic_line_00594.png,Tu amor por la que sonrío todos los días.
images/synthetic_line_00595.png,El hombre despierta pasiones dormidas. - Isabel Allende.
images/synthetic_line_00596.png,Nuestra memoria ilumina cada rincón del alma.
images/synthetic_line_00597.png,Su mirada construye puentes sobre mares agitados.
images/synthetic_line_00598.png,Su sonrisa acompaña las noches de invierno. L.L.L. ~ 02-10-23
images/synthetic_line_00599.png,Escribir poemas merece vivirse con toda la intensidad.
images/synthetic_line_00600.png,Mi mujer soñada despierta pasiones dormidas.
images/synthetic_line_00601.png,"Si quieres ser mi estrella, guía los pasos hacia nuevos horizontes. - Federico García Lorca."
images/synthetic_line_00602.png,Mi hombre soñado ilumina cada rincón del alma.
images/synthetic_line_00603.png,El tiempo compartido y mi mayor apoyo. - Mario Benedetti.
images/synthetic_line_00604.png,Vuestra memoria tiene un corazón rebelde. - Notas del día 15-08-24.
images/synthetic_line_00605.png,Eres la razón ilumina mi vida por completo.
images/synthetic_line_00606.png,El mayor tesoro ilumina mi vida por completo. - Pablo Neruda.
images/synthetic_line_00607.png,La libertad y mi mayor apoyo. - Gustavo Adolfo Bécquer.
images/synthetic_line_00608.png,"Si quieres ser mi estrella, guía los pasos hacia nuevos horizontes. - Saludos desde Cádiz"
images/synthetic_line_00609.png,Mi mujer soñada sabe protegerme siempre.
images/synthetic_line_00610.png,La mujer merece vivirse con toda la intensidad.
images/synthetic_line_00611.png,El camino vence cualquier obstáculo con calma. - Isabel Allende.
images/synthetic_line_00612.png,Vuestra memoria prometo ser tu cielo. - Ref: 984-A / Cuaderno.
images/synthetic_line_00613.png,El viaje huele a rosas frescas. - Isabel Allende.
images/synthetic_line_00614.png,Caminar juntos cuida sus flores cada día. - Saludos desde Madrid.
images/synthetic_line_00615.png,Mi mujer despierta pasiones dormidas.
images/synthetic_line_00616.png,La mujer me quiere más que a nada.
images/synthetic_line_00617.png,Escribir poemas me dice que todo saldrá bien. - Saludos desde Madrid.
images/synthetic_line_00618.png,Escribir poemas despierta pasiones dormidas. - Isabel Allende.
images/synthetic_line_00619.png,Mi mujer alcanza cimas que parecían lejanas.
images/synthetic_line_00620.png,El tiempo compartido es un regalo que no debemos olvidar. - Federico García Lorca.
images/synthetic_line_00621.png,Cada amanecer me quiere más que a nada. - Notas del día 15-08-24.
images/synthetic_line_00622.png,Tu amor ilumina mi vida por completo. - Octavio Paz.
images/synthetic_line_00623.png,Mi hombre soñado por la que sonrío todos los días.
images/synthetic_line_00624.png,Tu presencia da sentido a los pequeños instantes. - Notas del día 15-08-24.
images/synthetic_line_00625.png,Su sonrisa sabe protegerme siempre. - Antonio Machado.
images/synthetic_line_00626.png,El tiempo compartido por la que sonrío todos los días. - Isabel Allende.
images/synthetic_line_00627.png,El viaje sabe que todo vale la pena. - Notas del día 15-08-24.
images/synthetic_line_00628.png,El hombre sabe protegerme siempre.
images/synthetic_line_00629.png,Tú es un regalo que no debemos olvidar. L.L.L. ~ 02-10-23
images/synthetic_line_00630.png,Un corazón sincero y mi mayor apoyo. - Octavio Paz.
images/synthetic_line_00631.png,Mi hombre soñado cuida sus flores cada día.
images/synthetic_line_00632.png,El tiempo compartido alcanza cimas que parecían lejanas.
images/synthetic_line_00633.png,La mujer hace que todo sea más hermoso. - Pablo Neruda.
images/synthetic_line_00634.png,Nuestra memoria merece vivirse con toda la intensidad. - Julio Cortázar.
images/synthetic_line_00635.png,Mi mujer despierta pasiones dormidas.
images/synthetic_line_00636.png,Mi hombre soñado me quiere más que a nada.
images/synthetic_line_00637.png,Agradezco cuida sus flores cada día. - Saludos desde Madrid.
images/synthetic_line_00638.png,El hombre que amas despierta pasiones dormidas.
images/synthetic_line_00639.png,Vuestra memoria sabe protegerme siempre.
images/synthetic_line_00640.png,El camino transforma la rutina en pura magia.
images/synthetic_line_00641.png,Un buen recuerdo deja huellas imborrables en el tiempo. - Mario Benedetti.
images/synthetic_line_00642.png,"Si buscas el éxito, pertenece a mi vida. - Octavio Paz."
images/synthetic_line_00643.png,La perseverancia nos enseña a valorar lo simple. - Gustavo Adolfo Bécquer.
images/synthetic_line_00644.png,Tu mirada me dice que todo saldrá bien.
images/synthetic_line_00645.png,Vuestra memoria pertenece a mi vida. - Mario Benedetti.
images/synthetic_line_00646.png,El amor de mi vida y mi mayor apoyo. - Octavio Paz.
images/synthetic_line_00647.png,Tu presencia construye puentes sobre mares agitados. - Notas del día 15-08-24.
images/synthetic_line_00648.png,La paciencia nos enseña a valorar lo simple. - Pablo Neruda.
images/synthetic_line_00649.png,Mi mujer soñada es la razón de sonreír a diario.
images/synthetic_line_00650.png,Mi hombre da sentido a los pequeños instantes.
images/synthetic_line_00651.png,Tu sonrisa guía los pasos hacia nuevos horizontes.
images/synthetic_line_00652.png,Tu presencia construye puentes sobre mares agitados. - Notas del día 15-08-24.
images/synthetic_line_00653.png,Un buen recuerdo es un regalo que no debemos olvidar.
images/synthetic_line_00654.png,"Si buscas el éxito, nos enseña a valorar lo simple."
images/synthetic_line_00655.png,Un corazón sincero y mi mayor apoyo. - Octavio Paz.
images/synthetic_line_00656.png,La mujer ilumina mi vida por completo. - Mario Benedetti.
images/synthetic_line_00657.png,Su mirada cuida sus flores cada día. - Pablo Neruda.
images/synthetic_line_00658.png,El viaje sabe que todo vale la pena. - Notas del día 15-08-24.
images/synthetic_line_00659.png,Caminar juntos alcanza cimas que parecían lejanas.
images/synthetic_line_00660.png,La mujer que amas me dice que todo saldrá bien.
images/synthetic_line_00661.png,El mayor tesoro ilumina mi vida por completo. - Pablo Neruda.
images/synthetic_line_00662.png,"La mujer que amas vence cualquier obstáculo con calma. - Madrid, 03/09/92"
images/synthetic_line_00663.png,Mi hombre me quiere más que a nada.
images/synthetic_line_00664.png,Tu amor ilumina cada rincón del alma.
images/synthetic_line_00665.png,Mi hombre soñado prometo ser tu cielo. - Saludos desde Cádiz
images/synthetic_line_00666.png,"El hombre alcanza cimas que parecían lejanas. - Madrid, 03/09/92"
images/synthetic_line_00667.png,El amor de mi vida despierta pasiones dormidas.
images/synthetic_line_00668.png,El amor de mi vida tiene un corazón rebelde.
images/synthetic_line_00669.png,Vuestra memoria vence cualquier obstáculo con calma. - Mario Benedetti.
images/synthetic_line_00670.png,Mi hombre me quiere más que a nada.
images/synthetic_line_00671.png,Mi mujer abre senderos que antes no existían. - Saludos desde Madrid.
images/synthetic_line_00672.png,La paciencia guía los pasos hacia nuevos horizontes. - Isabel Allende.
images/synthetic_line_00673.png,Tu presencia despierta pasiones dormidas. - Julio Cortázar.
images/synthetic_line_00674.png,El viaje es un regalo que no debemos olvidar.
images/synthetic_line_00675.png,La mujer me cuida como a una flor. - Jorge Luis Borges.
images/synthetic_line_00676.png,La mujer sabe que todo vale la pena.
images/synthetic_line_00677.png,Un buen recuerdo sabe protegerme siempre.
images/synthetic_line_00678.png,La perseverancia abre senderos que antes no existían. - Julio Cortázar.
images/synthetic_line_00679.png,Agradezco merece vivirse con toda la intensidad.
images/synthetic_line_00680.png,Nuestra memoria nos enseña a valorar lo simple. - Saludos desde Cádiz
images/synthetic_line_00681.png,Tu amor abre senderos que antes no existían.
images/synthetic_line_00682.png,Un buen recuerdo sabe protegerme siempre.
images/synthetic_line_00683.png,Un buen recuerdo abre senderos que antes no existían.
images/synthetic_line_00684.png,"Si quieres ser mi estrella, merece vivirse con toda la intensidad."
images/synthetic_line_00685.png,Mi mujer deja huellas imborrables en el tiempo. - Jorge Luis Borges.
images/synthetic_line_00686.png,La vida me dice que todo saldrá bien.
images/synthetic_line_00687.png,La paciencia es la razón de sonreír a diario.
images/synthetic_line_00688.png,Mi hombre soñado guía los pasos hacia nuevos horizontes.
images/synthetic_line_00689.png,Un corazón rebelde por la que sonrío todos los días. - Notas del día 15-08-24.
images/synthetic_line_00690.png,"No te rindas, me cuida como a una flor. - Saludos desde Cádiz"
images/synthetic_line_00691.png,Tu sonrisa da sentido a los pequeños instantes.
images/synthetic_line_00692.png,Eres mi mejor compañía pertenece a mi vida. - Jorge Luis Borges.
images/synthetic_line_00693.png,Agradezco sabe protegerme siempre.
images/synthetic_line_00694.png,Su mirada me cuida como a una flor.
images/synthetic_line_00695.png,El tiempo compartido es la razón de sonreír a diario. - Gustavo Adolfo Bécquer.
images/synthetic_line_00696.png,El viaje sabe protegerme siempre. - Isabel Allende.
images/synthetic_line_00697.png,Mi hombre ilumina mi vida por completo. - Julio Cortázar.
images/synthetic_line_00698.png,Un corazón rebelde construye puentes sobre mares agitados. - Jorge Luis Borges.
images/synthetic_line_00699.png,Tú me quiere más que a nada. - Isabel Allende.
images/synthetic_line_00700.png,Tu sonrisa tiene un corazón rebelde. - Saludos desde Madrid.
images/synthetic_line_00701.png,Cada atardecer prometo ser tu cielo.
images/synthetic_line_00702.png,El viaje hace que todo sea más hermoso.
images/synthetic_line_00703.png,Cada atardecer pertenece a mi vida. - Gabriel García Márquez.
images/synthetic_line_00704.png,El viaje abre senderos que antes no existían. - Gustavo Adolfo Bécquer.
images/synthetic_line_00705.png,Nuestra memoria merece vivirse con toda la intensidad. - Gustavo Adolfo Bécquer.
images/synthetic_line_00706.png,La mujer abre senderos que antes no existían.
images/synthetic_line_00707.png,La libertad cuida sus flores cada día.
images/synthetic_line_00708.png,"Si buscas el éxito, guía los pasos hacia nuevos horizontes. L.L.L. ~ 02-10-23"
images/synthetic_line_00709.png,El hombre es la razón de sonreír a diario.
images/synthetic_line_00710.png,La libertad hace que todo sea más hermoso. - Gustavo Adolfo Bécquer.
images/synthetic_line_00711.png,Mi hombre hace que todo sea más hermoso.
images/synthetic_line_00712.png,Caminar juntos construye puentes sobre mares agitados.
images/synthetic_line_00713.png,El hombre me dice que todo saldrá bien. - Isabel Allende.
images/synthetic_line_00714.png,"No te rindas, ilumina cada rincón del alma. - Gustavo Adolfo Bécquer."
images/synthetic_line_00715.png,Mi hombre soñado pertenece a mi vida.
images/synthetic_line_00716.png,La perseverancia abre senderos que antes no existían.
images/synthetic_line_00717.png,"Si buscas el éxito, alcanza cimas que parecían lejanas."
images/synthetic_line_00718.png,Eres la razón construye puentes sobre mares agitados.
images/synthetic_line_00719.png,Mi hombre soñado despierta pasiones dormidas.
images/synthetic_line_00720.png,El mayor tesoro y mi mayor apoyo. - Saludos desde Madrid.
images/synthetic_line_00721.png,El camino sabe protegerme siempre. L.L.L. ~ 02-10-23
images/synthetic_line_00722.png,Eres mi mejor compañía hace que todo sea más hermoso.
images/synthetic_line_00723.png,Escribir poemas nos enseña a valorar lo simple. - Gabriel García Márquez.
images/synthetic_line_00724.png,Nuestra memoria ilumina mi vida por completo. - Octavio Paz.
images/synthetic_line_00725.png,La mujer que amas y mi mayor apoyo.
images/synthetic_line_00726.png,El amor de mi vida y mi mayor apoyo. - Octavio Paz.
images/synthetic_line_00727.png,La mujer que amas construye puentes sobre mares agitados. - Isabel Allende.
images/synthetic_line_00728.png,Un corazón rebelde y mi mayor apoyo.
images/synthetic_line_00729.png,Tu presencia hace que todo sea más hermoso. - Jorge Luis Borges.
images/synthetic_line_00730.png,Tu presencia tiene un corazón rebelde.
images/synthetic_line_00731.png,Mi mujer soñada me quiere más que a nada.
images/synthetic_line_00732.png,Eres la razón es la razón de sonreír a diario.
images/synthetic_line_00733.png,Vuestra memoria por la que sonrío todos los días.
images/synthetic_line_00734.png,Vuestra memoria por la que sonrío todos los días. - Pablo Neruda.
images/synthetic_line_00735.png,Tu mirada cuida sus flores cada día. - Saludos desde Cádiz
images/synthetic_line_00736.png,Mi mujer sabe que todo vale la pena.
images/synthetic_line_00737.png,"No te rindas, merece vivirse con toda la intensidad. - Octavio Paz."
images/synthetic_line_00738.png,Tu mirada tiene un corazón rebelde.
images/synthetic_line_00739.png,Mi mujer soñada ilumina cada rincón del alma.
images/synthetic_line_00740.png,Escribir poemas por la que sonrío todos los días. - Jorge Luis Borges.
images/synthetic_line_00741.png,Mi mujer pertenece a mi vida.
images/synthetic_line_00742.png,Eres mi mejor compañía acompaña las noches de invierno. - Antonio Machado.
images/synthetic_line_00743.png,La paciencia nos enseña a valorar lo simple.
images/synthetic_line_00744.png,Un buen recuerdo guía los pasos hacia nuevos horizontes. L.L.L. ~ 02-10-23
images/synthetic_line_00745.png,Nuestra memoria nos enseña a valorar lo simple. - Saludos desde Cádiz
images/synthetic_line_00746.png,Cada atardecer huele a rosas frescas.
images/synthetic_line_00747.png,La vida ilumina cada rincón del alma. - Julio Cortázar.
images/synthetic_line_00748.png,"La mujer que amas vence cualquier obstáculo con calma. - Madrid, 03/09/92"
images/synthetic_line_00749.png,Un corazón sincero alcanza cimas que parecían lejanas.
images/synthetic_line_00750.png,Caminar juntos vence cualquier obstáculo con calma. - Pablo Neruda.
images/synthetic_line_00751.png,Eres mi mejor compañía guía los pasos hacia nuevos horizontes.
images/synthetic_line_00752.png,Eres la razón construye puentes sobre mares agitados. - Antonio Machado.
images/synthetic_line_00753.png,El camino vence cualquier obstáculo con calma.
images/synthetic_line_00754.png,La mujer ilumina mi vida por completo. - Mario Benedetti.
images/synthetic_line_00755.png,Su sonrisa sabe protegerme siempre.
images/synthetic_line_00756.png,Nuestra memoria tiene un corazón rebelde. - Pablo Neruda.
images/synthetic_line_00757.png,Agradezco pertenece a mi vida. - Ref: 984-A / Cuaderno.
images/synthetic_line_00758.png,Tu mirada acompaña las noches de invierno. - Ref: 984-A / Cuaderno.
images/synthetic_line_00759.png,Cada amanecer tiene un corazón rebelde. - Octavio Paz.
images/synthetic_line_00760.png,"Si buscas el éxito, pertenece a mi vida. - Octavio Paz."
images/synthetic_line_00761.png,Eres mi mejor compañía transforma la rutina en pura magia.
images/synthetic_line_00762.png,Tu presencia hace que todo sea más hermoso. - Saludos desde Madrid.
images/synthetic_line_00763.png,Eres mi mejor compañía huele a rosas frescas. - Antonio Machado.
images/synthetic_line_00764.png,Tu sonrisa deja huellas imborrables en el tiempo.
images/synthetic_line_00765.png,Su mirada cuida sus flores cada día. - Gabriel García Márquez.
images/synthetic_line_00766.png,Un corazón sincero deja huellas imborrables en el tiempo. - Federico García Lorca.
images/synthetic_line_00767.png,- Jorge Luis Borges.
images/synthetic_line_00768.png,"Eres mi mejor compañía me quiere más que a nada. - Madrid, 03/09/92"
images/synthetic_line_00769.png,Caminar juntos pertenece a mi vida. - Octavio Paz.
images/synthetic_line_00770.png,Vuestra memoria cuida sus flores cada día.
images/synthetic_line_00771.png,La mujer que amas ilumina cada rincón del alma.
images/synthetic_line_00772.png,El tiempo compartido da sentido a los pequeños instantes. - Saludos desde Cádiz
images/synthetic_line_00773.png,Su mirada me cuida como a una flor.
images/synthetic_line_00774.png,Un corazón rebelde despierta pasiones dormidas. - Mario Benedetti.
images/synthetic_line_00775.png,Su mirada hace que todo sea más hermoso. - Notas del día 15-08-24.
images/synthetic_line_00776.png,Un buen recuerdo sabe que todo vale la pena.
images/synthetic_line_00777.png,Su sonrisa es la razón de sonreír a diario. - Mario Benedetti.
images/synthetic_line_00778.png,Un corazón sincero alcanza cimas que parecían lejanas. L.L.L. ~ 02-10-23
images/synthetic_line_00779.png,El amor de mi vida vence cualquier obstáculo con calma. - Saludos desde Madrid.
images/synthetic_line_00780.png,La mujer que amas construye puentes sobre mares agitados. - Antonio Machado.
images/synthetic_line_00781.png,Su mirada construye puentes sobre mares agitados. - Gabriel García Márquez.
images/synthetic_line_00782.png,Tu amor ilumina mi vida por completo. - Saludos desde Cádiz
images/synthetic_line_00783.png,Mi hombre soñado cuida sus flores cada día. - Mario Benedetti.
images/synthetic_line_00784.png,Mi mujer me cuida como a una flor. - Gabriel García Márquez.
images/synthetic_line_00785.png,La mujer que amas hace que todo sea más hermoso. - Saludos desde Cádiz
images/synthetic_line_00786.png,El hombre que amas es la razón de sonreír a diario. - Antonio Machado.
images/synthetic_line_00787.png,Vuestra memoria me cuida como a una flor. - Octavio Paz.
images/synthetic_line_00788.png,Tu mirada hace que todo sea más hermoso. L.L.L. ~ 02-10-23
images/synthetic_line_00789.png,El camino guía los pasos hacia nuevos horizontes.
images/synthetic_line_00790.png,Vuestra memoria da sentido a los pequeños instantes. - Mario Benedetti.
images/synthetic_line_00791.png,La libertad nos enseña a valorar lo simple. - Antonio Machado.
images/synthetic_line_00792.png,El camino transforma la rutina en pura magia.
images/synthetic_line_00793.png,La libertad me dice que todo saldrá bien.
images/synthetic_line_00794.png,Cada atardecer cuida sus flores cada día. - Notas del día 15-08-24.
images/synthetic_line_00795.png,La vida da sentido a los pequeños instantes.
images/synthetic_line_00796.png,Un corazón rebelde alcanza cimas que parecían lejanas. - Saludos desde Cádiz
images/synthetic_line_00797.png,Su mirada huele a rosas frescas. L.L.L. ~ 02-10-23
images/synthetic_line_00798.png,El camino acompaña las noches de invierno.
images/synthetic_line_00799.png,Tú es un regalo que no debemos olvidar.
images/synthetic_line_00800.png,Cada atardecer despierta pasiones dormidas.
images/synthetic_line_00801.png,Cada amanecer sabe que todo vale la pena. - Ref: 984-A / Cuaderno.
images/synthetic_line_00802.png,Su mirada sabe protegerme siempre.
images/synthetic_line_00803.png,Su sonrisa sabe protegerme siempre.
images/synthetic_line_00804.png,La paciencia construye puentes sobre mares agitados. - Mario Benedetti.
images/synthetic_line_00805.png,Nuestra memoria transforma la rutina en pura magia.
images/synthetic_line_00806.png,"No te rindas, acompaña las noches de invierno. - Madrid, 03/09/92"
images/synthetic_line_00807.png,Escribir poemas sabe protegerme siempre.
images/synthetic_line_00808.png,El hombre que amas me dice que todo saldrá bien. - Gabriel García Márquez.
images/synthetic_line_00809.png,Vuestra memoria me cuida como a una flor. - Gustavo Adolfo Bécquer.
images/synthetic_line_00810.png,Mi hombre soñado guía los pasos hacia nuevos horizontes.
images/synthetic_line_00811.png,Su mirada ilumina cada rincón del alma. - Gustavo Adolfo Bécquer.
images/synthetic_line_00812.png,La perseverancia da sentido a los pequeños instantes. - Notas del día 15-08-24.
images/synthetic_line_00813.png,Un corazón sincero construye puentes sobre mares agitados.
images/synthetic_line_00814.png,La mujer deja huellas imborrables en el tiempo.
images/synthetic_line_00815.png,- Pablo Neruda.
images/synthetic_line_00816.png,Mi hombre sabe que todo vale la pena.
images/synthetic_line_00817.png,"Si quieres ser mi estrella, pertenece a mi vida."
images/synthetic_line_00818.png,La vida da sentido a los pequeños instantes.
images/synthetic_line_00819.png,El hombre que amas por la que sonrío todos los días. - Julio Cortázar.
images/synthetic_line_00820.png,Mi mujer merece vivirse con toda la intensidad. - Saludos desde Madrid.
images/synthetic_line_00821.png,El hombre que amas acompaña las noches de invierno. - Antonio Machado.
images/synthetic_line_00822.png,El viaje transforma la rutina en pura magia. - Mario Benedetti.
images/synthetic_line_00823.png,Un corazón sincero es la razón de sonreír a diario.
images/synthetic_line_00824.png,La mujer por la que sonrío todos los días. - Saludos desde Cádiz
images/synthetic_line_00825.png,La mujer que amas acompaña las noches de invierno.
images/synthetic_line_00826.png,El amor de mi vida es la razón de sonreír a diario. - Octavio Paz.
images/synthetic_line_00827.png,El amor de mi vida vence cualquier obstáculo con calma. - Pablo Neruda.
images/synthetic_line_00828.png,La paciencia abre senderos que antes no existían. - Gabriel García Márquez.
images/synthetic_line_00829.png,Tu amor me cuida como a una flor. - Saludos desde Madrid.
images/synthetic_line_00830.png,Eres la razón da sentido a los pequeños instantes. - Pablo Neruda.
images/synthetic_line_00831.png,"No te rindas, vence cualquier obstáculo con calma. - Saludos desde Cádiz"
images/synthetic_line_00832.png,Mi mujer ilumina cada rincón del alma. - Notas del día 15-08-24.
images/synthetic_line_00833.png,"No te rindas, sabe protegerme siempre. L.L.L. ~ 02-10-23"
images/synthetic_line_00834.png,Vuestra memoria tiene un corazón rebelde. - Notas del día 15-08-24.
images/synthetic_line_00835.png,Mi hombre me cuida como a una flor.
images/synthetic_line_00836.png,Cada amanecer ilumina cada rincón del alma.
images/synthetic_line_00837.png,"No te rindas, me quiere más que a nada. - Gustavo Adolfo Bécquer."
images/synthetic_line_00838.png,La vida construye puentes sobre mares agitados.
images/synthetic_line_00839.png,La mujer transforma la rutina en pura magia. - Antonio Machado.
images/synthetic_line_00840.png,Su sonrisa acompaña las noches de invierno. L.L.L. ~ 02-10-23
images/synthetic_line_00841.png,"No te rindas, ilumina cada rincón del alma. - Gustavo Adolfo Bécquer."
images/synthetic_line_00842.png,Escribir poemas construye puentes sobre mares agitados. - Julio Cortázar.
images/synthetic_line_00843.png,Eres la razón hace que todo sea más hermoso.
images/synthetic_line_00844.png,El mayor tesoro y mi mayor apoyo. - Saludos desde Madrid.
images/synthetic_line_00845.png,Escribir poemas me cuida como a una flor.
images/synthetic_line_00846.png,Mi hombre sabe que todo vale la pena.
images/synthetic_line_00847.png,Su sonrisa es la razón de sonreír a diario. - Gustavo Adolfo Bécquer.
images/synthetic_line_00848.png,Agradezco hace que todo sea más hermoso.
images/synthetic_line_00849.png,Cada amanecer vence cualquier obstáculo con calma. - Pablo Neruda.
images/synthetic_line_00850.png,Cada atardecer abre senderos que antes no existían.
images/synthetic_line_00851.png,El viaje sabe que todo vale la pena. - Notas del día 15-08-24.
images/synthetic_line_00852.png,- Mario Benedetti.
images/synthetic_line_00853.png,Su mirada es un regalo que no debemos olvidar.
images/synthetic_line_00854.png,La paciencia construye puentes sobre mares agitados. L.L.L. ~ 02-10-23
images/synthetic_line_00855.png,Tu amor prometo ser tu cielo. - Ref: 984-A / Cuaderno.
images/synthetic_line_00856.png,El hombre que amas me quiere más que a nada. - Jorge Luis Borges.
images/synthetic_line_00857.png,Eres mi mejor compañía ilumina cada rincón del alma.
images/synthetic_line_00858.png,La paciencia y mi mayor apoyo.
images/synthetic_line_00859.png,Un buen recuerdo y mi mayor apoyo. - Notas del día 15-08-24.
images/synthetic_line_00860.png,Un corazón rebelde transforma la rutina en pura magia. - Pablo Neruda.
images/synthetic_line_00861.png,Cada atardecer hace que todo sea más hermoso. - Octavio Paz.
images/synthetic_line_00862.png,El amor de mi vida prometo ser tu cielo.
images/synthetic_line_00863.png,El hombre que amas pertenece a mi vida.
images/synthetic_line_00864.png,Un corazón sincero deja huellas imborrables en el tiempo. - Ref: 984-A / Cuaderno.
images/synthetic_line_00865.png,Vuestra memoria abre senderos que antes no existían.
images/synthetic_line_00866.png,Su mirada transforma la rutina en pura magia.
images/synthetic_line_00867.png,Mi mujer despierta pasiones dormidas.
images/synthetic_line_00868.png,Mi mujer ilumina mi vida por completo.
images/synthetic_line_00869.png,El tiempo compartido huele a rosas frescas.
images/synthetic_line_00870.png,Cada atardecer vence cualquier obstáculo con calma.
images/synthetic_line_00871.png,Su mirada sabe protegerme siempre.
images/synthetic_line_00872.png,Un corazón sincero transforma la rutina en pura magia. - Gustavo Adolfo Bécquer.
images/synthetic_line_00873.png,Un corazón sincero tiene un corazón rebelde. - Saludos desde Madrid.
images/synthetic_line_00874.png,Eres la razón vence cualquier obstáculo con calma. - Saludos desde Madrid.
images/synthetic_line_00875.png,"No te rindas, sabe protegerme siempre. L.L.L. ~ 02-10-23"
images/synthetic_line_00876.png,Mi mujer soñada deja huellas imborrables en el tiempo.
images/synthetic_line_00877.png,Mi hombre soñado guía los pasos hacia nuevos horizontes.
images/synthetic_line_00878.png,El tiempo compartido es la razón de sonreír a diario. - Gustavo Adolfo Bécquer.
images/synthetic_line_00879.png,"Si buscas el éxito, pertenece a mi vida. - Octavio Paz."
images/synthetic_line_00880.png,Un corazón sincero merece vivirse con toda la intensidad. - Julio Cortázar.
images/synthetic_line_00881.png,La mujer merece vivirse con toda la intensidad. - Saludos desde Cádiz
images/synthetic_line_00882.png,La libertad es un regalo que no debemos olvidar.
images/synthetic_line_00883.png,Cada amanecer es un regalo que no debemos olvidar. - Isabel Allende.
images/synthetic_line_00884.png,Mi hombre soñado da sentido a los pequeños instantes.
images/synthetic_line_00885.png,El tiempo compartido construye puentes sobre mares agitados.
images/synthetic_line_00886.png,Tu amor despierta pasiones dormidas.
images/synthetic_line_00887.png,Tú tiene un corazón rebelde. - Octavio Paz.
images/synthetic_line_00888.png,La mujer que amas acompaña las noches de invierno. - Antonio Machado.
images/synthetic_line_00889.png,Un corazón rebelde transforma la rutina en pura magia. - Pablo Neruda.
images/synthetic_line_00890.png,Tu presencia me quiere más que a nada. - Octavio Paz.
images/synthetic_line_00891.png,El hombre que amas nos enseña a valorar lo simple. - Antonio Machado.
images/synthetic_line_00892.png,Vuestra memoria huele a rosas frescas.
images/synthetic_line_00893.png,"Si buscas el éxito, ilumina cada rincón del alma. - Mario Benedetti."
images/synthetic_line_00894.png,Cada atardecer hace que todo sea más hermoso.
images/synthetic_line_00895.png,Mi mujer acompaña las noches de invierno. - Saludos desde Cádiz
images/synthetic_line_00896.png,Tu presencia tiene un corazón rebelde.
images/synthetic_line_00897.png,El tiempo compartido por la que sonrío todos los días. - Isabel Allende.
images/synthetic_line_00898.png,La mujer y mi mayor apoyo.
images/synthetic_line_00899.png,"Si buscas el éxito, acompaña las noches de invierno. - Madrid, 03/09/92"
images/synthetic_line_00900.png,El amor de mi vida es la razón de sonreír a diario. - Octavio Paz.
images/synthetic_line_00901.png,El camino pertenece a mi vida. - Federico García Lorca.
images/synthetic_line_00902.png,"La vida y mi mayor apoyo. - Madrid, 03/09/92"
images/synthetic_line_00903.png,Caminar juntos tiene un corazón rebelde. - Gabriel García Márquez.
images/synthetic_line_00904.png,La paciencia prometo ser tu cielo. - Octavio Paz.
images/synthetic_line_00905.png,Mi mujer me quiere más que a nada. - Notas del día 15-08-24.
images/synthetic_line_00906.png,La vida y mi mayor apoyo. - Ref: 984-A / Cuaderno.
images/synthetic_line_00907.png,"Si quieres ser mi estrella, abre senderos que antes no existían. - Pablo Neruda."
images/synthetic_line_00908.png,Su mirada merece vivirse con toda la intensidad. - Jorge Luis Borges.
images/synthetic_line_00909.png,Su mirada me dice que todo saldrá bien.
images/synthetic_line_00910.png,La mujer deja huellas imborrables en el tiempo.
images/synthetic_line_00911.png,Eres la razón construye puentes sobre mares agitados. - Antonio Machado.
images/synthetic_line_00912.png,Agradezco acompaña las noches de invierno. - Ref: 984-A / Cuaderno.
images/synthetic_line_00913.png,El hombre que amas abre senderos que antes no existían. - Jorge Luis Borges.
images/synthetic_line_00914.png,La perseverancia abre senderos que antes no existían. - Julio Cortázar.
images/synthetic_line_00915.png,La paciencia me quiere más que a nada. - Julio Cortázar.
images/synthetic_line_00916.png,Escribir poemas me quiere más que a nada. - Federico García Lorca.
images/synthetic_line_00917.png,Mi hombre soñado me cuida como a una flor. - Pablo Neruda.
images/synthetic_line_00918.png,El camino sabe protegerme siempre. L.L.L. ~ 02-10-23
images/synthetic_line_00919.png,Tu amor alcanza cimas que parecían lejanas.
images/synthetic_line_00920.png,Caminar juntos transforma la rutina en pura magia.
images/synthetic_line_00921.png,Caminar juntos hace que todo sea más hermoso. - Octavio Paz.
images/synthetic_line_00922.png,Tú prometo ser tu cielo.
images/synthetic_line_00923.png,El camino merece vivirse con toda la intensidad. - Saludos desde Cádiz
images/synthetic_line_00924.png,Un buen recuerdo transforma la rutina en pura magia. - Saludos desde Madrid.
images/synthetic_line_00925.png,"Si quieres ser mi estrella, guía los pasos hacia nuevos horizontes. - Federico García Lorca."
images/synthetic_line_00926.png,Eres mi mejor compañía ilumina mi vida por completo.
images/synthetic_line_00927.png,Un corazón rebelde alcanza cimas que parecían lejanas. - Saludos desde Madrid.
images/synthetic_line_00928.png,Cada amanecer pertenece a mi vida.
images/synthetic_line_00929.png,Un corazón sincero es un regalo que no debemos olvidar. - Gustavo Adolfo Bécquer.
images/synthetic_line_00930.png,Tu amor ilumina cada rincón del alma.
images/synthetic_line_00931.png,La vida tiene un corazón rebelde. - Gustavo Adolfo Bécquer.
images/synthetic_line_00932.png,Tu sonrisa me quiere más que a nada.
images/synthetic_line_00933.png,El hombre construye puentes sobre mares agitados. - Julio Cortázar.
images/synthetic_line_00934.png,El hombre es un regalo que no debemos olvidar.
images/synthetic_line_00935.png,El hombre sabe protegerme siempre.
images/synthetic_line_00936.png,Eres mi mejor compañía ilumina cada rincón del alma.
images/synthetic_line_00937.png,La mujer que amas me dice que todo saldrá bien. L.L.L. ~ 02-10-23
images/synthetic_line_00938.png,Cada atardecer construye puentes sobre mares agitados.
images/synthetic_line_00939.png,El mayor tesoro me quiere más que a nada.
images/synthetic_line_00940.png,Agradezco tiene un corazón rebelde. - Gabriel García Márquez.
images/synthetic_line_00941.png,Su mirada pertenece a mi vida. - Saludos desde Cádiz
images/synthetic_line_00942.png,Eres la razón merece vivirse con toda la intensidad. - Notas del día 15-08-24.
images/synthetic_line_00943.png,La perseverancia es la razón de sonreír a diario. - Gustavo Adolfo Bécquer.
images/synthetic_line_00944.png,El camino merece vivirse con toda la intensidad. - Saludos desde Cádiz
images/synthetic_line_00945.png,Caminar juntos cuida sus flores cada día.
images/synthetic_line_00946.png,Mi hombre soñado despierta pasiones dormidas. - Federico García Lorca.
images/synthetic_line_00947.png,Cada amanecer prometo ser tu cielo. - Ref: 984-A / Cuaderno.
images/synthetic_line_00948.png,Nuestra memoria da sentido a los pequeños instantes. - Saludos desde Cádiz
images/synthetic_line_00949.png,La paciencia sabe protegerme siempre. - Saludos desde Cádiz
images/synthetic_line_00950.png,Eres la razón es la razón de sonreír a diario. - Jorge Luis Borges.
images/synthetic_line_00951.png,El tiempo compartido nos enseña a valorar lo simple.
images/synthetic_line_00952.png,El hombre que amas hace que todo sea más hermoso.
images/synthetic_line_00953.png,Eres la razón merece vivirse con toda la intensidad. - Notas del día 15-08-24.
images/synthetic_line_00954.png,Cada atardecer vence cualquier obstáculo con calma.
images/synthetic_line_00955.png,Tu sonrisa deja huellas imborrables en el tiempo. - Gustavo Adolfo Bécquer.
images/synthetic_line_00956.png,Su sonrisa ilumina cada rincón del alma.
images/synthetic_line_00957.png,Tu presencia tiene un corazón rebelde.
images/synthetic_line_00958.png,Tu amor construye puentes sobre mares agitados.
images/synthetic_line_00959.png,La mujer me cuida como a una flor. - Jorge Luis Borges.
images/synthetic_line_00960.png,Nuestra memoria ilumina mi vida por completo. - Octavio Paz.
images/synthetic_line_00961.png,La paciencia tiene un corazón rebelde.
images/synthetic_line_00962.png,"La mujer sabe que todo vale la pena. - Madrid, 03/09/92"
images/synthetic_line_00963.png,Caminar juntos transforma la rutina en pura magia.
images/synthetic_line_00964.png,"Cada amanecer merece vivirse con toda la intensidad. - Madrid, 03/09/92"
images/synthetic_line_00965.png,El camino merece vivirse con toda la intensidad. - Saludos desde Cádiz
images/synthetic_line_00966.png,- Gustavo Adolfo Bécquer.
images/synthetic_line_00967.png,Tu amor vence cualquier obstáculo con calma. - Notas del día 15-08-24.
images/synthetic_line_00968.png,Mi mujer guía los pasos hacia nuevos horizontes.
images/synthetic_line_00969.png,"Si buscas el éxito, vence cualquier obstáculo con calma."
images/synthetic_line_00970.png,Mi mujer soñada sabe protegerme siempre.
images/synthetic_line_00971.png,El hombre que amas sabe protegerme siempre.
images/synthetic_line_00972.png,La perseverancia sabe que todo vale la pena.
images/synthetic_line_00973.png,La libertad me dice que todo saldrá bien. - Notas del día 15-08-24.
images/synthetic_line_00974.png,Su sonrisa sabe que todo vale la pena.
images/synthetic_line_00975.png,Mi mujer vence cualquier obstáculo con calma. - Isabel Allende.
images/synthetic_line_00976.png,Un corazón sincero sabe que todo vale la pena.
images/synthetic_line_00977.png,Su mirada transforma la rutina en pura magia.
images/synthetic_line_00978.png,La mujer acompaña las noches de invierno. - Saludos desde Cádiz
images/synthetic_line_00979.png,Agradezco deja huellas imborrables en el tiempo. - Julio Cortázar.
images/synthetic_line_00980.png,Nuestra memoria sabe que todo vale la pena. - Isabel Allende.
images/synthetic_line_00981.png,"Si buscas el éxito, es un regalo que no debemos olvidar. - Antonio Machado."
images/synthetic_line_00982.png,El amor de mi vida vence cualquier obstáculo con calma. - Saludos desde Madrid.
images/synthetic_line_00983.png,Vuestra memoria ilumina mi vida por completo. - Pablo Neruda.
images/synthetic_line_00984.png,El viaje deja huellas imborrables en el tiempo.
images/synthetic_line_00985.png,La mujer cuida sus flores cada día. - Antonio Machado.
images/synthetic_line_00986.png,La perseverancia ilumina mi vida por completo. - Julio Cortázar.
images/synthetic_line_00987.png,"Si quieres ser mi estrella, guía los pasos hacia nuevos horizontes. - Saludos desde Cádiz"
images/synthetic_line_00988.png,Mi mujer deja huellas imborrables en el tiempo. - Jorge Luis Borges.
images/synthetic_line_00989.png,El camino transforma la rutina en pura magia. - Ref: 984-A / Cuaderno.
images/synthetic_line_00990.png,Agradezco cuida sus flores cada día. - Gustavo Adolfo Bécquer.
images/synthetic_line_00991.png,El hombre sabe protegerme siempre.
images/synthetic_line_00992.png,La libertad despierta pasiones dormidas.
images/synthetic_line_00993.png,Tu sonrisa y mi mayor apoyo. - Saludos desde Cádiz
images/synthetic_line_00994.png,Eres la razón me dice que todo saldrá bien. - Gabriel García Márquez.
images/synthetic_line_00995.png,"No te rindas, ilumina mi vida por completo."
images/synthetic_line_00996.png,Tu mirada huele a rosas frescas.
images/synthetic_line_00997.png,La mujer me quiere más que a nada.
images/synthetic_line_00998.png,Tu sonrisa guía los pasos hacia nuevos horizontes.
images/synthetic_line_00999.png,Nuestra memoria da sentido a los pequeños instantes. - Saludos desde Cádiz
images/synthetic_line_01000.png,La vida me quiere más que a nada.
images/synthetic_line_01001.png,Escribir poemas alcanza cimas que parecían lejanas. - Notas del día 15-08-24.
images/synthetic_line_01002.png,El viaje abre senderos que antes no existían. - Notas del día 15-08-24.
images/synthetic_line_01003.png,La perseverancia sabe que todo vale la pena.
images/synthetic_line_01004.png,"No te rindas, hace que todo sea más hermoso."
images/synthetic_line_01005.png,Cada atardecer huele a rosas frescas.
images/synthetic_line_01006.png,Cada atardecer transforma la rutina en pura magia.
images/synthetic_line_01007.png,La perseverancia es la razón de sonreír a diario.
images/synthetic_line_01008.png,Cada atardecer hace que todo sea más hermoso.
images/synthetic_line_01009.png,La paciencia alcanza cimas que parecían lejanas. - Pablo Neruda.
images/synthetic_line_01010.png,El hombre que amas es la razón de sonreír a diario. - Antonio Machado.
images/synthetic_line_01011.png,Cada atardecer me dice que todo saldrá bien.
images/synthetic_line_01012.png,Caminar juntos guía los pasos hacia nuevos horizontes. - Mario Benedetti.
images/synthetic_line_01013.png,La libertad me dice que todo saldrá bien. - Notas del día 15-08-24.
images/synthetic_line_01014.png,Tu sonrisa da sentido a los pequeños instantes.
images/synthetic_line_01015.png,Un corazón sincero es un regalo que no debemos olvidar. - Gustavo Adolfo Bécquer.
images/synthetic_line_01016.png,Escribir poemas alcanza cimas que parecían lejanas.
images/synthetic_line_01017.png,Su mirada me cuida como a una flor.
images/synthetic_line_01018.png,Mi hombre soñado me quiere más que a nada.
images/synthetic_line_01019.png,Tu sonrisa deja huellas imborrables en el tiempo. - Gustavo Adolfo Bécquer.
images/synthetic_line_01020.png,"Escribir poemas por la que sonrío todos los días. - Madrid, 03/09/92"
images/synthetic_line_01021.png,Mi mujer deja huellas imborrables en el tiempo.
images/synthetic_line_01022.png,Eres la razón cuida sus flores cada día. - Saludos desde Madrid.
images/synthetic_line_01023.png,Caminar juntos da sentido a los pequeños instantes.
images/synthetic_line_01024.png,Un corazón sincero transforma la rutina en pura magia. - Gustavo Adolfo Bécquer.
images/synthetic_line_01025.png,La perseverancia pertenece a mi vida.
images/synthetic_line_01026.png,"No te rindas, me cuida como a una flor. - Saludos desde Cádiz"
images/synthetic_line_01027.png,Tu presencia transforma la rutina en pura magia.
images/synthetic_line_01028.png,Mi hombre soñado abre senderos que antes no existían.
images/synthetic_line_01029.png,El camino y mi mayor apoyo.
images/synthetic_line_01030.png,El amor de mi vida despierta pasiones dormidas.
images/synthetic_line_01031.png,El tiempo compartido es la razón de sonreír a diario. - Gustavo Adolfo Bécquer.
images/synthetic_line_01032.png,La perseverancia guía los pasos hacia nuevos horizontes. - Pablo Neruda.
images/synthetic_line_01033.png,Tú me dice que todo saldrá bien. - Julio Cortázar.
images/synthetic_line_01034.png,La paciencia abre senderos que antes no existían. - Gabriel García Márquez.
images/synthetic_line_01035.png,El hombre es un regalo que no debemos olvidar. - Saludos desde Madrid.
images/synthetic_line_01036.png,"Tú abre senderos que antes no existían. - Madrid, 03/09/92"
images/synthetic_line_01037.png,Su mirada ilumina cada rincón del alma.
images/synthetic_line_01038.png,Nuestra memoria despierta pasiones dormidas.
images/synthetic_line_01039.png,El hombre que amas transforma la rutina en pura magia.
images/synthetic_line_01040.png,La paciencia me quiere más que a nada. L.L.L. ~ 02-10-23
images/synthetic_line_01041.png,Tu sonrisa tiene un corazón rebelde. - Saludos desde Madrid.
images/synthetic_line_01042.png,Caminar juntos sabe protegerme siempre.
images/synthetic_line_01043.png,"Eres la razón pertenece a mi vida. - Madrid, 03/09/92"
images/synthetic_line_01044.png,Tu sonrisa tiene un corazón rebelde. - Jorge Luis Borges.
images/synthetic_line_01045.png,Un corazón rebelde alcanza cimas que parecían lejanas. - Saludos desde Cádiz
images/synthetic_line_01046.png,Un corazón rebelde me cuida como a una flor.
images/synthetic_line_01047.png,El hombre es un regalo que no debemos olvidar. - Saludos desde Madrid.
images/synthetic_line_01048.png,"Si quieres ser mi estrella, ilumina cada rincón del alma."
images/synthetic_line_01049.png,"No te rindas, me cuida como a una flor. - Saludos desde Cádiz"
images/synthetic_line_01050.png,Un buen recuerdo me dice que todo saldrá bien. - Isabel Allende.
images/synthetic_line_01051.png,"Si quieres ser mi estrella, ilumina cada rincón del alma. - Gabriel García Márquez."
images/synthetic_line_01052.png,Cada amanecer sabe protegerme siempre.
images/synthetic_line_01053.png,Un corazón sincero deja huellas imborrables en el tiempo. - Ref: 984-A / Cuaderno.
images/synthetic_line_01054.png,Tu amor ilumina mi vida por completo.
images/synthetic_line_01055.png,Mi mujer soñada acompaña las noches de invierno.
images/synthetic_line_01056.png,"Si quieres ser mi estrella, es la razón de sonreír a diario. - Julio Cortázar."
images/synthetic_line_01057.png,Un buen recuerdo me quiere más que a nada. - Federico García Lorca.
images/synthetic_line_01058.png,"Si buscas el éxito, sabe protegerme siempre. - Antonio Machado."
images/synthetic_line_01059.png,Mi hombre soñado hace que todo sea más hermoso.
images/synthetic_line_01060.png,Nuestra memoria da sentido a los pequeños instantes. - Saludos desde Cádiz
images/synthetic_line_01061.png,Eres mi mejor compañía ilumina mi vida por completo.
images/synthetic_line_01062.png,Tu presencia deja huellas imborrables en el tiempo.
images/synthetic_line_01063.png,Cada amanecer es un regalo que no debemos olvidar. - Isabel Allende.
images/synthetic_line_01064.png,"No te rindas, prometo ser tu cielo."
images/synthetic_line_01065.png,Mi mujer merece vivirse con toda la intensidad. - Mario Benedetti.
images/synthetic_line_01066.png,Vuestra memoria ilumina cada rincón del alma. - Isabel Allende.
images/synthetic_line_01067.png,Tu amor abre senderos que antes no existían.
images/synthetic_line_01068.png,El hombre merece vivirse con toda la intensidad.
images/synthetic_line_01069.png,La paciencia me quiere más que a nada. - Pablo Neruda.
images/synthetic_line_01070.png,Tu presencia me quiere más que a nada. - Octavio Paz.
images/synthetic_line_01071.png,Agradezco da sentido a los pequeños instantes.
images/synthetic_line_01072.png,"No te rindas, por la que sonrío todos los días. - Federico García Lorca."
images/synthetic_line_01073.png,Mi hombre soñado prometo ser tu cielo.
images/synthetic_line_01074.png,Caminar juntos me cuida como a una flor.
images/synthetic_line_01075.png,El mayor tesoro me quiere más que a nada. - Ref: 984-A / Cuaderno.
images/synthetic_line_01076.png,Cada atardecer cuida sus flores cada día.
images/synthetic_line_01077.png,La mujer cuida sus flores cada día.
images/synthetic_line_01078.png,La vida vence cualquier obstáculo con calma.
images/synthetic_line_01079.png,El mayor tesoro da sentido a los pequeños instantes. - Octavio Paz.
images/synthetic_line_01080.png,Tu sonrisa me cuida como a una flor.
images/synthetic_line_01081.png,La perseverancia guía los pasos hacia nuevos horizontes.
images/synthetic_line_01082.png,Su mirada alcanza cimas que parecían lejanas.
images/synthetic_line_01083.png,Su sonrisa guía los pasos hacia nuevos horizontes.
images/synthetic_line_01084.png,Su sonrisa es la razón de sonreír a diario. - Gustavo Adolfo Bécquer.
images/synthetic_line_01085.png,- Mario Benedetti.
images/synthetic_line_01086.png,La vida y mi mayor apoyo. - Ref: 984-A / Cuaderno.
images/synthetic_line_01087.png,"Si buscas el éxito, merece vivirse con toda la intensidad. - Julio Cortázar."
images/synthetic_line_01088.png,El camino y mi mayor apoyo.
images/synthetic_line_01089.png,El camino ilumina mi vida por completo. - Notas del día 15-08-24.
images/synthetic_line_01090.png,Mi mujer vence cualquier obstáculo con calma. - Isabel Allende.
images/synthetic_line_01091.png,"No te rindas, pertenece a mi vida. - Julio Cortázar."
images/synthetic_line_01092.png,Cada atardecer cuida sus flores cada día. - Notas del día 15-08-24.
images/synthetic_line_01093.png,Cada amanecer da sentido a los pequeños instantes.
images/synthetic_line_01094.png,"Si buscas el éxito, es un regalo que no debemos olvidar."
images/synthetic_line_01095.png,Su mirada construye puentes sobre mares agitados. - Gabriel García Márquez.
images/synthetic_line_01096.png,Tu amor es la razón de sonreír a diario. - Gabriel García Márquez.
images/synthetic_line_01097.png,Vuestra memoria es un regalo que no debemos olvidar. L.L.L. ~ 02-10-23
images/synthetic_line_01098.png,Vuestra memoria sabe que todo vale la pena. - Mario Benedetti.
images/synthetic_line_01099.png,El camino prometo ser tu cielo.
images/synthetic_line_01100.png,Un corazón sincero alcanza cimas que parecían lejanas.
images/synthetic_line_01101.png,"El hombre alcanza cimas que parecían lejanas. - Madrid, 03/09/92"
images/synthetic_line_01102.png,La vida da sentido a los pequeños instantes. - Gustavo Adolfo Bécquer.
images/synthetic_line_01103.png,Agradezco merece vivirse con toda la intensidad.
images/synthetic_line_01104.png,Tu mirada transforma la rutina en pura magia. - Gustavo Adolfo Bécquer.
images/synthetic_line_01105.png,Un corazón rebelde alcanza cimas que parecían lejanas. - Saludos desde Madrid.
images/synthetic_line_01106.png,Mi mujer soñada me quiere más que a nada.
images/synthetic_line_01107.png,La vida es un regalo que no debemos olvidar.
images/synthetic_line_01108.png,Mi hombre soñado nos enseña a valorar lo simple.
images/synthetic_line_01109.png,Un buen recuerdo merece vivirse con toda la intensidad.
images/synthetic_line_01110.png,Agradezco por la que sonrío todos los días. - Mario Benedetti.
images/synthetic_line_01111.png,El camino es la razón de sonreír a diario.
images/synthetic_line_01112.png,Escribir poemas pertenece a mi vida.
images/synthetic_line_01113.png,Tu amor y mi mayor apoyo. - Octavio Paz.
images/synthetic_line_01114.png,Tu presencia da sentido a los pequeños instantes. - Notas del día 15-08-24.
images/synthetic_line_01115.png,Eres mi mejor compañía ilumina mi vida por completo.
images/synthetic_line_01116.png,"Si buscas el éxito, da sentido a los pequeños instantes."
images/synthetic_line_01117.png,El mayor tesoro y mi mayor apoyo.
images/synthetic_line_01118.png,La perseverancia ilumina mi vida por completo. - Julio Cortázar.
images/synthetic_line_01119.png,Eres la razón es la razón de sonreír a diario. - Jorge Luis Borges.
images/synthetic_line_01120.png,"Si buscas el éxito, alcanza cimas que parecían lejanas. - Gabriel García Márquez."
images/synthetic_line_01121.png,- Saludos desde Madrid.
images/synthetic_line_01122.png,La mujer que amas ilumina cada rincón del alma. L.L.L. ~ 02-10-23
images/synthetic_line_01123.png,Tu sonrisa sabe que todo vale la pena. - Mario Benedetti.
images/synthetic_line_01124.png,Tu presencia nos enseña a valorar lo simple.
images/synthetic_line_01125.png,Tu amor pertenece a mi vida. - Notas del día 15-08-24.
images/synthetic_line_01126.png,La libertad y mi mayor apoyo.
images/synthetic_line_01127.png,Un corazón rebelde y mi mayor apoyo. - Gustavo Adolfo Bécquer.
images/synthetic_line_01128.png,Escribir poemas pertenece a mi vida. - Mario Benedetti.
images/synthetic_line_01129.png,El tiempo compartido es la razón de sonreír a diario.
images/synthetic_line_01130.png,Mi hombre huele a rosas frescas. - Notas del día 15-08-24.
images/synthetic_line_01131.png,La mujer que amas construye puentes sobre mares agitados.
images/synthetic_line_01132.png,"Si quieres ser mi estrella, da sentido a los pequeños instantes. - Isabel Allende."
images/synthetic_line_01133.png,El viaje sabe protegerme siempre.
images/synthetic_line_01134.png,La perseverancia sabe que todo vale la pena.
images/synthetic_line_01135.png,La paciencia huele a rosas frescas.
images/synthetic_line_01136.png,Mi mujer huele a rosas frescas. - Ref: 984-A / Cuaderno.
images/synthetic_line_01137.png,"Si quieres ser mi estrella, sabe que todo vale la pena."
images/synthetic_line_01138.png,Mi hombre soñado por la que sonrío todos los días.
images/synthetic_line_01139.png,Tu presencia deja huellas imborrables en el tiempo. - Saludos desde Madrid.
images/synthetic_line_01140.png,El tiempo compartido transforma la rutina en pura magia. - Notas del día 15-08-24.
images/synthetic_line_01141.png,La perseverancia y mi mayor apoyo. - Saludos desde Cádiz
images/synthetic_line_01142.png,Mi hombre huele a rosas frescas. - Notas del día 15-08-24.
images/synthetic_line_01143.png,La vida deja huellas imborrables en el tiempo. - Isabel Allende.
images/synthetic_line_01144.png,Cada amanecer me cuida como a una flor.
images/synthetic_line_01145.png,Escribir poemas y mi mayor apoyo.
images/synthetic_line_01146.png,"Si quieres ser mi estrella, pertenece a mi vida."
images/synthetic_line_01147.png,Un corazón rebelde por la que sonrío todos los días.
images/synthetic_line_01148.png,"Si buscas el éxito, huele a rosas frescas."
images/synthetic_line_01149.png,Escribir poemas huele a rosas frescas.
images/synthetic_line_01150.png,Su mirada huele a rosas frescas. - Mario Benedetti.
images/synthetic_line_01151.png,La perseverancia ilumina cada rincón del alma.
images/synthetic_line_01152.png,Tu amor merece vivirse con toda la intensidad. - Notas del día 15-08-24.
images/synthetic_line_01153.png,Cada amanecer da sentido a los pequeños instantes.
images/synthetic_line_01154.png,La mujer huele a rosas frescas.
images/synthetic_line_01155.png,La mujer que amas acompaña las noches de invierno.
images/synthetic_line_01156.png,La vida y mi mayor apoyo. - Federico García Lorca.
images/synthetic_line_01157.png,Eres la razón da sentido a los pequeños instantes. - Jorge Luis Borges.
images/synthetic_line_01158.png,Tú deja huellas imborrables en el tiempo.
images/synthetic_line_01159.png,El camino huele a rosas frescas. - Antonio Machado.
images/synthetic_line_01160.png,El hombre que amas y mi mayor apoyo.
images/synthetic_line_01161.png,El hombre que amas hace que todo sea más hermoso. L.L.L. ~ 02-10-23
images/synthetic_line_01162.png,Vuestra memoria huele a rosas frescas. - Saludos desde Cádiz
images/synthetic_line_01163.png,Agradezco me quiere más que a nada.
images/synthetic_line_01164.png,Un corazón sincero ilumina cada rincón del alma.
images/synthetic_line_01165.png,La vida vence cualquier obstáculo con calma.
images/synthetic_line_01166.png,Mi mujer guía los pasos hacia nuevos horizontes.
images/synthetic_line_01167.png,El amor de mi vida me quiere más que a nada.
images/synthetic_line_01168.png,El mayor tesoro acompaña las noches de invierno.
images/synthetic_line_01169.png,Cada atardecer vence cualquier obstáculo con calma. L.L.L. ~ 02-10-23
images/synthetic_line_01170.png,Vuestra memoria abre senderos que antes no existían.
images/synthetic_line_01171.png,Mi mujer guía los pasos hacia nuevos horizontes.
images/synthetic_line_01172.png,Cada atardecer hace que todo sea más hermoso. - Octavio Paz.
images/synthetic_line_01173.png,Un buen recuerdo me dice que todo saldrá bien. - Isabel Allende.
images/synthetic_line_01174.png,Caminar juntos me quiere más que a nada.
images/synthetic_line_01175.png,Un buen recuerdo alcanza cimas que parecían lejanas.
images/synthetic_line_01176.png,El camino vence cualquier obstáculo con calma. - Isabel Allende.
images/synthetic_line_01177.png,Mi mujer soñada ilumina cada rincón del alma. - Octavio Paz.
images/synthetic_line_01178.png,Agradezco despierta pasiones dormidas.
images/synthetic_line_01179.png,El hombre que amas cuida sus flores cada día. - Gabriel García Márquez.
images/synthetic_line_01180.png,Escribir poemas me cuida como a una flor.
images/synthetic_line_01181.png,El viaje pertenece a mi vida. - Ref: 984-A / Cuaderno.
images/synthetic_line_01182.png,Su sonrisa es la razón de sonreír a diario. - Gustavo Adolfo Bécquer.
images/synthetic_line_01183.png,El camino me cuida como a una flor. - Ref: 984-A / Cuaderno.
images/synthetic_line_01184.png,Un corazón rebelde y mi mayor apoyo. - Gustavo Adolfo Bécquer.
images/synthetic_line_01185.png,El viaje sabe que todo vale la pena. - Mario Benedetti.
images/synthetic_line_01186.png,La mujer que amas guía los pasos hacia nuevos horizontes. - Ref: 984-A / Cuaderno.
images/synthetic_line_01187.png,Agradezco despierta pasiones dormidas.
images/synthetic_line_01188.png,El hombre que amas huele a rosas frescas. - Isabel Allende.
images/synthetic_line_01189.png,Su sonrisa y mi mayor apoyo. - Saludos desde Cádiz
images/synthetic_line_01190.png,El amor de mi vida da sentido a los pequeños instantes. - Gabriel García Márquez.
images/synthetic_line_01191.png,Escribir poemas vence cualquier obstáculo con calma.
images/synthetic_line_01192.png,La perseverancia despierta pasiones dormidas.
images/synthetic_line_01193.png,Eres la razón merece vivirse con toda la intensidad. - Octavio Paz.
images/synthetic_line_01194.png,Eres la razón cuida sus flores cada día.
images/synthetic_line_01195.png,La vida me dice que todo saldrá bien.
images/synthetic_line_01196.png,Su mirada prometo ser tu cielo. - Antonio Machado.
images/synthetic_line_01197.png,Un buen recuerdo sabe que todo vale la pena.
images/synthetic_line_01198.png,Cada atardecer da sentido a los pequeños instantes.
images/synthetic_line_01199.png,"Si quieres ser mi estrella, vence cualquier obstáculo con calma."
images/synthetic_line_01200.png,"Si buscas el éxito, ilumina cada rincón del alma. - Mario Benedetti."
images/synthetic_line_01201.png,Un corazón sincero ilumina mi vida por completo. - Mario Benedetti.
images/synthetic_line_01202.png,Mi mujer soñada sabe que todo vale la pena. - Gabriel García Márquez.
images/synthetic_line_01203.png,Cada amanecer abre senderos que antes no existían.
images/synthetic_line_01204.png,Cada amanecer prometo ser tu cielo. - Ref: 984-A / Cuaderno.
images/synthetic_line_01205.png,El hombre construye puentes sobre mares agitados. - Julio Cortázar.
images/synthetic_line_01206.png,Tu sonrisa construye puentes sobre mares agitados.
images/synthetic_line_01207.png,Eres la razón me dice que todo saldrá bien. - Gabriel García Márquez.
images/synthetic_line_01208.png,"Si buscas el éxito, y mi mayor apoyo."
images/synthetic_line_01209.png,La mujer que amas huele a rosas frescas.
images/synthetic_line_01210.png,El amor de mi vida me quiere más que a nada.
images/synthetic_line_01211.png,El amor de mi vida ilumina cada rincón del alma. - Notas del día 15-08-24.
images/synthetic_line_01212.png,Tu amor por la que sonrío todos los días.
images/synthetic_line_01213.png,Mi hombre soñado me quiere más que a nada. - Julio Cortázar.
images/synthetic_line_01214.png,Eres la razón me dice que todo saldrá bien.
images/synthetic_line_01215.png,Un corazón sincero me quiere más que a nada.
images/synthetic_line_01216.png,Tu sonrisa pertenece a mi vida. - Gustavo Adolfo Bécquer.
images/synthetic_line_01217.png,La perseverancia me dice que todo saldrá bien. - Saludos desde Madrid.
images/synthetic_line_01218.png,Su sonrisa merece vivirse con toda la intensidad. - Octavio Paz.
images/synthetic_line_01219.png,"Si quieres ser mi estrella, despierta pasiones dormidas. - Gustavo Adolfo Bécquer."
images/synthetic_line_01220.png,El mayor tesoro deja huellas imborrables en el tiempo. - Ref: 984-A / Cuaderno.
images/synthetic_line_01221.png,"No te rindas, alcanza cimas que parecían lejanas. - Antonio Machado."
images/synthetic_line_01222.png,Su sonrisa nos enseña a valorar lo simple. - Gabriel García Márquez.
images/synthetic_line_01223.png,- Octavio Paz.
images/synthetic_line_01224.png,La mujer sabe que todo vale la pena.
images/synthetic_line_01225.png,La perseverancia me dice que todo saldrá bien. - Saludos desde Madrid.
images/synthetic_line_01226.png,Su mirada es la razón de sonreír a diario.
images/synthetic_line_01227.png,Mi mujer soñada vence cualquier obstáculo con calma.
images/synthetic_line_01228.png,Mi mujer soñada da sentido a los pequeños instantes.
images/synthetic_line_01229.png,Cada amanecer es un regalo que no debemos olvidar. - Isabel Allende.
images/synthetic_line_01230.png,Tú me cuida como a una flor.
images/synthetic_line_01231.png,"No te rindas, me dice que todo saldrá bien. - Saludos desde Cádiz"
images/synthetic_line_01232.png,"Si buscas el éxito, acompaña las noches de invierno. - Madrid, 03/09/92"
images/synthetic_line_01233.png,Agradezco y mi mayor apoyo.
images/synthetic_line_01234.png,Tu presencia me quiere más que a nada.
images/synthetic_line_01235.png,Eres mi mejor compañía pertenece a mi vida. - Jorge Luis Borges.
images/synthetic_line_01236.png,El amor de mi vida deja huellas imborrables en el tiempo. - Julio Cortázar.
images/synthetic_line_01237.png,Tu sonrisa ilumina mi vida por completo. - Pablo Neruda.
images/synthetic_line_01238.png,Su mirada cuida sus flores cada día. - Gabriel García Márquez.
images/synthetic_line_01239.png,El mayor tesoro prometo ser tu cielo.
images/synthetic_line_01240.png,Tu sonrisa pertenece a mi vida. - Gustavo Adolfo Bécquer.
images/synthetic_line_01241.png,Un buen recuerdo me quiere más que a nada. - Federico García Lorca.
images/synthetic_line_01242.png,El camino nos enseña a valorar lo simple.
images/synthetic_line_01243.png,Su mirada construye puentes sobre mares agitados.
images/synthetic_line_01244.png,Tú cuida sus flores cada día. - Jorge Luis Borges.
images/synthetic_line_01245.png,Un corazón rebelde construye puentes sobre mares agitados.
images/synthetic_line_01246.png,Nuestra memoria merece vivirse con toda la intensidad. - Julio Cortázar.
images/synthetic_line_01247.png,El tiempo compartido es la razón de sonreír a diario.
images/synthetic_line_01248.png,"No te rindas, transforma la rutina en pura magia. - Antonio Machado."
images/synthetic_line_01249.png,"Si buscas el éxito, sabe protegerme siempre. - Antonio Machado."
images/synthetic_line_01250.png,Mi hombre soñado abre senderos que antes no existían. - Saludos desde Madrid.
images/synthetic_line_01251.png,"Si buscas el éxito, es un regalo que no debemos olvidar. - Octavio Paz."
images/synthetic_line_01252.png,El tiempo compartido ilumina mi vida por completo. - Federico García Lorca.
images/synthetic_line_01253.png,Su mirada es la razón de sonreír a diario.
images/synthetic_line_01254.png,Mi mujer ilumina cada rincón del alma. - Saludos desde Cádiz
images/synthetic_line_01255.png,Mi hombre soñado cuida sus flores cada día. - Mario Benedetti.
images/synthetic_line_01256.png,Mi mujer soñada huele a rosas frescas. - Gabriel García Márquez.
images/synthetic_line_01257.png,"Mi mujer cuida sus flores cada día. - Madrid, 03/09/92"
images/synthetic_line_01258.png,Cada atardecer es la razón de sonreír a diario. L.L.L. ~ 02-10-23
images/synthetic_line_01259.png,Cada atardecer es la razón de sonreír a diario. L.L.L. ~ 02-10-23
images/synthetic_line_01260.png,Un corazón rebelde despierta pasiones dormidas.
images/synthetic_line_01261.png,Mi hombre soñado ilumina mi vida por completo. - Antonio Machado.
images/synthetic_line_01262.png,El hombre que amas sabe protegerme siempre.
images/synthetic_line_01263.png,El hombre que amas merece vivirse con toda la intensidad.
images/synthetic_line_01264.png,El camino da sentido a los pequeños instantes.
images/synthetic_line_01265.png,Eres mi mejor compañía da sentido a los pequeños instantes. - Ref: 984-A / Cuaderno.
images/synthetic_line_01266.png,Mi hombre soñado prometo ser tu cielo. - Saludos desde Madrid.
images/synthetic_line_01267.png,"Si buscas el éxito, deja huellas imborrables en el tiempo."
images/synthetic_line_01268.png,Cada amanecer transforma la rutina en pura magia. - Julio Cortázar.
images/synthetic_line_01269.png,La paciencia y mi mayor apoyo. - Octavio Paz.
images/synthetic_line_01270.png,La perseverancia me dice que todo saldrá bien. - Saludos desde Madrid.
images/synthetic_line_01271.png,Mi hombre y mi mayor apoyo.
images/synthetic_line_01272.png,Eres mi mejor compañía guía los pasos hacia nuevos horizontes.
images/synthetic_line_01273.png,Vuestra memoria sabe protegerme siempre.
images/synthetic_line_01274.png,"No te rindas, abre senderos que antes no existían. - Gabriel García Márquez."
images/synthetic_line_01275.png,- Pablo Neruda.
images/synthetic_line_01276.png,Caminar juntos sabe que todo vale la pena.
images/synthetic_line_01277.png,El hombre que amas hace que todo sea más hermoso. - Ref: 984-A / Cuaderno.
images/synthetic_line_01278.png,Tu amor ilumina mi vida por completo. - Saludos desde Cádiz
images/synthetic_line_01279.png,Cada atardecer vence cualquier obstáculo con calma. L.L.L. ~ 02-10-23
images/synthetic_line_01280.png,La paciencia vence cualquier obstáculo con calma.
images/synthetic_line_01281.png,La perseverancia hace que todo sea más hermoso.
images/synthetic_line_01282.png,El camino es un regalo que no debemos olvidar. - Federico García Lorca.
images/synthetic_line_01283.png,El amor de mi vida sabe que todo vale la pena. - Saludos desde Madrid.
images/synthetic_line_01284.png,La vida da sentido a los pequeños instantes. - Gustavo Adolfo Bécquer.
images/synthetic_line_01285.png,La mujer que amas tiene un corazón rebelde. - Mario Benedetti.
images/synthetic_line_01286.png,Tú nos enseña a valorar lo simple. - Julio Cortázar.
images/synthetic_line_01287.png,El camino pertenece a mi vida.
images/synthetic_line_01288.png,Mi hombre soñado despierta pasiones dormidas. - Jorge Luis Borges.
images/synthetic_line_01289.png,Mi hombre soñado cuida sus flores cada día.
images/synthetic_line_01290.png,El hombre es un regalo que no debemos olvidar. - Saludos desde Madrid.
images/synthetic_line_01291.png,Su mirada deja huellas imborrables en el tiempo. - Ref: 984-A / Cuaderno.
images/synthetic_line_01292.png,Tu sonrisa y mi mayor apoyo. - Saludos desde Cádiz
images/synthetic_line_01293.png,Tu mirada me dice que todo saldrá bien.
images/synthetic_line_01294.png,Un corazón sincero pertenece a mi vida. - Notas del día 15-08-24.
images/synthetic_line_01295.png,Su sonrisa nos enseña a valorar lo simple. - Gabriel García Márquez.
images/synthetic_line_01296.png,Eres mi mejor compañía huele a rosas frescas. - Antonio Machado.
images/synthetic_line_01297.png,Mi hombre soñado abre senderos que antes no existían. - Saludos desde Madrid.
images/synthetic_line_01298.png,Mi hombre transforma la rutina en pura magia.
images/synthetic_line_01299.png,Tu mirada y mi mayor apoyo. - Gustavo Adolfo Bécquer.
images/synthetic_line_01300.png,El viaje transforma la rutina en pura magia. - Mario Benedetti.
images/synthetic_line_01301.png,La perseverancia pertenece a mi vida. L.L.L. ~ 02-10-23
images/synthetic_line_01302.png,Mi mujer alcanza cimas que parecían lejanas. - Antonio Machado.
images/synthetic_line_01303.png,El hombre merece vivirse con toda la intensidad. - Saludos desde Cádiz
images/synthetic_line_01304.png,Eres mi mejor compañía abre senderos que antes no existían. - Saludos desde Madrid.
images/synthetic_line_01305.png,Un buen recuerdo me quiere más que a nada.
images/synthetic_line_01306.png,Tu mirada transforma la rutina en pura magia.
images/synthetic_line_01307.png,Tu presencia acompaña las noches de invierno.
images/synthetic_line_01308.png,La vida huele a rosas frescas. - Mario Benedetti.
images/synthetic_line_01309.png,"Si buscas el éxito, pertenece a mi vida. - Octavio Paz."
images/synthetic_line_01310.png,El mayor tesoro abre senderos que antes no existían. - Jorge Luis Borges.
images/synthetic_line_01311.png,El amor de mi vida sabe que todo vale la pena. - Antonio Machado.
images/synthetic_line_01312.png,Su mirada es un regalo que no debemos olvidar.
images/synthetic_line_01313.png,Tu presencia es la razón de sonreír a diario. - Octavio Paz.
images/synthetic_line_01314.png,El tiempo compartido transforma la rutina en pura magia. - Notas del día 15-08-24.
images/synthetic_line_01315.png,Escribir poemas me dice que todo saldrá bien. - Saludos desde Madrid.
images/synthetic_line_01316.png,"Si buscas el éxito, prometo ser tu cielo. - Isabel Allende."
images/synthetic_line_01317.png,La vida da sentido a los pequeños instantes.
images/synthetic_line_01318.png,Mi hombre huele a rosas frescas. - Notas del día 15-08-24.
images/synthetic_line_01319.png,La vida deja huellas imborrables en el tiempo. - Isabel Allende.
images/synthetic_line_01320.png,Nuestra memoria merece vivirse con toda la intensidad. - Gustavo Adolfo Bécquer.
images/synthetic_line_01321.png,Mi hombre abre senderos que antes no existían. - Saludos desde Madrid.
images/synthetic_line_01322.png,Tu sonrisa da sentido a los pequeños instantes. - Octavio Paz.
images/synthetic_line_01323.png,"No te rindas, abre senderos que antes no existían. - Jorge Luis Borges."
images/synthetic_line_01324.png,El mayor tesoro sabe que todo vale la pena. - Octavio Paz.
images/synthetic_line_01325.png,Escribir poemas vence cualquier obstáculo con calma.
images/synthetic_line_01326.png,La perseverancia sabe protegerme siempre. - Ref: 984-A / Cuaderno.
images/synthetic_line_01327.png,Mi mujer merece vivirse con toda la intensidad.
images/synthetic_line_01328.png,El camino abre senderos que antes no existían. - Mario Benedetti.
images/synthetic_line_01329.png,Mi hombre acompaña las noches de invierno.
images/synthetic_line_01330.png,Caminar juntos sabe protegerme siempre.
images/synthetic_line_01331.png,"Si quieres ser mi estrella, y mi mayor apoyo. - Gabriel García Márquez."
images/synthetic_line_01332.png,El amor de mi vida es la razón de sonreír a diario. - Gabriel García Márquez.
images/synthetic_line_01333.png,El tiempo compartido hace que todo sea más hermoso. - Saludos desde Madrid.
images/synthetic_line_01334.png,La libertad por la que sonrío todos los días.
images/synthetic_line_01335.png,"Tu amor hace que todo sea más hermoso. - Madrid, 03/09/92"
images/synthetic_line_01336.png,Tu sonrisa guía los pasos hacia nuevos horizontes.
images/synthetic_line_01337.png,"Tu amor hace que todo sea más hermoso. - Madrid, 03/09/92"
images/synthetic_line_01338.png,La libertad me dice que todo saldrá bien. - Gabriel García Márquez.
images/synthetic_line_01339.png,Tu mirada pertenece a mi vida.
images/synthetic_line_01340.png,Tu amor me cuida como a una flor. - Saludos desde Madrid.
images/synthetic_line_01341.png,Vuestra memoria despierta pasiones dormidas. - Ref: 984-A / Cuaderno.
images/synthetic_line_01342.png,El camino da sentido a los pequeños instantes. - Jorge Luis Borges.
images/synthetic_line_01343.png,Su mirada construye puentes sobre mares agitados.
images/synthetic_line_01344.png,Cada atardecer pertenece a mi vida. - Gabriel García Márquez.
images/synthetic_line_01345.png,Agradezco por la que sonrío todos los días. - Mario Benedetti.
images/synthetic_line_01346.png,Mi hombre soñado sabe protegerme siempre.
images/synthetic_line_01347.png,Un buen recuerdo construye puentes sobre mares agitados.
images/synthetic_line_01348.png,Tu mirada da sentido a los pequeños instantes.
images/synthetic_line_01349.png,Un corazón rebelde y mi mayor apoyo.
images/synthetic_line_01350.png,"La mujer que amas despierta pasiones dormidas. - Madrid, 03/09/92"
images/synthetic_line_01351.png,El hombre que amas deja huellas imborrables en el tiempo. - Pablo Neruda.
images/synthetic_line_01352.png,La vida abre senderos que antes no existían.
images/synthetic_line_01353.png,Tu amor es la razón de sonreír a diario. - Gabriel García Márquez.
images/synthetic_line_01354.png,El camino es un regalo que no debemos olvidar. - Federico García Lorca.
images/synthetic_line_01355.png,Tu amor cuida sus flores cada día. - Saludos desde Madrid.
images/synthetic_line_01356.png,El viaje abre senderos que antes no existían.
images/synthetic_line_01357.png,Un corazón sincero me dice que todo saldrá bien. - Julio Cortázar.
images/synthetic_line_01358.png,La paciencia guía los pasos hacia nuevos horizontes. - Isabel Allende.
images/synthetic_line_01359.png,La mujer me dice que todo saldrá bien. - Saludos desde Cádiz
images/synthetic_line_01360.png,El tiempo compartido nos enseña a valorar lo simple. - Saludos desde Madrid.
images/synthetic_line_01361.png,Eres la razón tiene un corazón rebelde.
images/synthetic_line_01362.png,Tu mirada y mi mayor apoyo.
images/synthetic_line_01363.png,Tu sonrisa abre senderos que antes no existían.
images/synthetic_line_01364.png,Tu mirada abre senderos que antes no existían. - Saludos desde Madrid.
images/synthetic_line_01365.png,"Si quieres ser mi estrella, merece vivirse con toda la intensidad."
images/synthetic_line_01366.png,La perseverancia me quiere más que a nada. - Isabel Allende.
images/synthetic_line_01367.png,La mujer que amas prometo ser tu cielo. - Antonio Machado.
images/synthetic_line_01368.png,Mi mujer alcanza cimas que parecían lejanas. - Saludos desde Cádiz
images/synthetic_line_01369.png,Mi mujer merece vivirse con toda la intensidad. - Saludos desde Madrid.
images/synthetic_line_01370.png,Vuestra memoria ilumina mi vida por completo. - Pablo Neruda.
images/synthetic_line_01371.png,El hombre que amas por la que sonrío todos los días. - Julio Cortázar.
images/synthetic_line_01372.png,La mujer alcanza cimas que parecían lejanas. - Antonio Machado.
images/synthetic_line_01373.png,Mi hombre soñado despierta pasiones dormidas. L.L.L. ~ 02-10-23
images/synthetic_line_01374.png,Nuestra memoria me quiere más que a nada. - Jorge Luis Borges.
images/synthetic_line_01375.png,El camino me dice que todo saldrá bien. - Octavio Paz.
images/synthetic_line_01376.png,"El camino acompaña las noches de invierno. - Madrid, 03/09/92"
images/synthetic_line_01377.png,La paciencia abre senderos que antes no existían. - Gabriel García Márquez.
images/synthetic_line_01378.png,Escribir poemas acompaña las noches de invierno.
images/synthetic_line_01379.png,La perseverancia guía los pasos hacia nuevos horizontes. - Pablo Neruda.
images/synthetic_line_01380.png,El amor de mi vida me quiere más que a nada.
images/synthetic_line_01381.png,"Si quieres ser mi estrella, abre senderos que antes no existían. - Notas del día 15-08-24."
images/synthetic_line_01382.png,La perseverancia ilumina mi vida por completo. - Julio Cortázar.
images/synthetic_line_01383.png,Cada atardecer vence cualquier obstáculo con calma. L.L.L. ~ 02-10-23
images/synthetic_line_01384.png,El hombre despierta pasiones dormidas. - Notas del día 15-08-24.
images/synthetic_line_01385.png,Mi mujer merece vivirse con toda la intensidad. - Saludos desde Madrid.
images/synthetic_line_01386.png,La perseverancia da sentido a los pequeños instantes. - Notas del día 15-08-24.
images/synthetic_line_01387.png,Tú me cuida como a una flor.
images/synthetic_line_01388.png,Escribir poemas me dice que todo saldrá bien. - Saludos desde Madrid.
images/synthetic_line_01389.png,El mayor tesoro deja huellas imborrables en el tiempo. - Ref: 984-A / Cuaderno.
images/synthetic_line_01390.png,Tu sonrisa transforma la rutina en pura magia. L.L.L. ~ 02-10-23
images/synthetic_line_01391.png,Vuestra memoria huele a rosas frescas. - Saludos desde Cádiz
images/synthetic_line_01392.png,Un buen recuerdo sabe protegerme siempre.
images/synthetic_line_01393.png,Eres la razón guía los pasos hacia nuevos horizontes.
images/synthetic_line_01394.png,Su mirada abre senderos que antes no existían. L.L.L. ~ 02-10-23
images/synthetic_line_01395.png,El hombre que amas es un regalo que no debemos olvidar.
images/synthetic_line_01396.png,Cada atardecer cuida sus flores cada día.
images/synthetic_line_01397.png,El mayor tesoro nos enseña a valorar lo simple.
images/synthetic_line_01398.png,Un buen recuerdo sabe que todo vale la pena. - Federico García Lorca.
images/synthetic_line_01399.png,La paciencia es un regalo que no debemos olvidar. - Jorge Luis Borges.
images/synthetic_line_01400.png,El amor de mi vida despierta pasiones dormidas.
images/synthetic_line_01401.png,La paciencia sabe protegerme siempre. L.L.L. ~ 02-10-23
images/synthetic_line_01402.png,La mujer despierta pasiones dormidas.
images/synthetic_line_01403.png,La mujer que amas y mi mayor apoyo.
images/synthetic_line_01404.png,Tu amor ilumina mi vida por completo.
images/synthetic_line_01405.png,"Si quieres ser mi estrella, abre senderos que antes no existían. - Pablo Neruda."
images/synthetic_line_01406.png,Mi hombre soñado despierta pasiones dormidas. - Jorge Luis Borges.
images/synthetic_line_01407.png,La paciencia despierta pasiones dormidas. - Saludos desde Madrid.
images/synthetic_line_01408.png,Su mirada abre senderos que antes no existían. L.L.L. ~ 02-10-23
images/synthetic_line_01409.png,La mujer abre senderos que antes no existían. - Julio Cortázar.
images/synthetic_line_01410.png,El tiempo compartido abre senderos que antes no existían.
images/synthetic_line_01411.png,Mi mujer me quiere más que a nada.
images/synthetic_line_01412.png,El hombre que amas vence cualquier obstáculo con calma. - Saludos desde Cádiz
images/synthetic_line_01413.png,Mi hombre soñado cuida sus flores cada día. - Mario Benedetti.
images/synthetic_line_01414.png,Su sonrisa vence cualquier obstáculo con calma.
images/synthetic_line_01415.png,Un buen recuerdo transforma la rutina en pura magia. - Saludos desde Madrid.
images/synthetic_line_01416.png,Tu presencia sabe protegerme siempre. - Ref: 984-A / Cuaderno.
images/synthetic_line_01417.png,"Si buscas el éxito, merece vivirse con toda la intensidad. - Julio Cortázar."
images/synthetic_line_01418.png,Tú ilumina mi vida por completo.
images/synthetic_line_01419.png,"Si quieres ser mi estrella, abre senderos que antes no existían. - Octavio Paz."
images/synthetic_line_01420.png,Mi hombre soñado me cuida como a una flor. - Octavio Paz.
images/synthetic_line_01421.png,La mujer prometo ser tu cielo. - Antonio Machado.
images/synthetic_line_01422.png,El hombre huele a rosas frescas. - Ref: 984-A / Cuaderno.
images/synthetic_line_01423.png,"Si quieres ser mi estrella, merece vivirse con toda la intensidad. - Mario Benedetti."
images/synthetic_line_01424.png,Tu presencia hace que todo sea más hermoso.
images/synthetic_line_01425.png,Eres mi mejor compañía es un regalo que no debemos olvidar.
images/synthetic_line_01426.png,Un corazón rebelde merece vivirse con toda la intensidad.
images/synthetic_line_01427.png,Cada amanecer abre senderos que antes no existían.
images/synthetic_line_01428.png,Tu presencia me cuida como a una flor.
images/synthetic_line_01429.png,"Si buscas el éxito, acompaña las noches de invierno. - Madrid, 03/09/92"
images/synthetic_line_01430.png,Mi mujer me cuida como a una flor. - Gabriel García Márquez.
images/synthetic_line_01431.png,Tu presencia hace que todo sea más hermoso.
images/synthetic_line_01432.png,El hombre que amas despierta pasiones dormidas.
images/synthetic_line_01433.png,Su mirada es un regalo que no debemos olvidar. - Julio Cortázar.
images/synthetic_line_01434.png,Agradezco me quiere más que a nada. - Isabel Allende.
images/synthetic_line_01435.png,Tu mirada cuida sus flores cada día.
images/synthetic_line_01436.png,Tu amor me dice que todo saldrá bien.
images/synthetic_line_01437.png,Mi hombre y mi mayor apoyo.
images/synthetic_line_01438.png,Escribir poemas sabe protegerme siempre.
images/synthetic_line_01439.png,Mi mujer cuida sus flores cada día. - Saludos desde Madrid.
images/synthetic_line_01440.png,La paciencia y mi mayor apoyo. - Octavio Paz.
images/synthetic_line_01441.png,El hombre despierta pasiones dormidas. L.L.L. ~ 02-10-23
images/synthetic_line_01442.png,La libertad me dice que todo saldrá bien.
images/synthetic_line_01443.png,"Si buscas el éxito, acompaña las noches de invierno. - Madrid, 03/09/92"
images/synthetic_line_01444.png,El mayor tesoro sabe que todo vale la pena. - Octavio Paz.
images/synthetic_line_01445.png,El hombre que amas me dice que todo saldrá bien. - Gabriel García Márquez.
images/synthetic_line_01446.png,El camino vence cualquier obstáculo con calma. - Saludos desde Cádiz
images/synthetic_line_01447.png,Un corazón sincero deja huellas imborrables en el tiempo.
images/synthetic_line_01448.png,Un buen recuerdo despierta pasiones dormidas. - Julio Cortázar.
images/synthetic_line_01449.png,Tu presencia y mi mayor apoyo. - Saludos desde Madrid.
images/synthetic_line_01450.png,Tu mirada pertenece a mi vida.
images/synthetic_line_01451.png,Eres mi mejor compañía sabe que todo vale la pena. - Gustavo Adolfo Bécquer.
images/synthetic_line_01452.png,Cada amanecer sabe protegerme siempre.
images/synthetic_line_01453.png,Tu amor deja huellas imborrables en el tiempo. - Isabel Allende.
images/synthetic_line_01454.png,Un corazón rebelde por la que sonrío todos los días. - Notas del día 15-08-24.
images/synthetic_line_01455.png,Vuestra memoria ilumina mi vida por completo. - Pablo Neruda.
images/synthetic_line_01456.png,Eres mi mejor compañía construye puentes sobre mares agitados. - Jorge Luis Borges.
images/synthetic_line_01457.png,Tú por la que sonrío todos los días.
images/synthetic_line_01458.png,El tiempo compartido me quiere más que a nada. - Saludos desde Cádiz
images/synthetic_line_01459.png,Mi hombre soñado despierta pasiones dormidas. - Mario Benedetti.
images/synthetic_line_01460.png,La libertad vence cualquier obstáculo con calma.
images/synthetic_line_01461.png,- Ref: 984-A / Cuaderno.
images/synthetic_line_01462.png,Agradezco me dice que todo saldrá bien. - Mario Benedetti.
images/synthetic_line_01463.png,La paciencia despierta pasiones dormidas. - Saludos desde Madrid.
images/synthetic_line_01464.png,Escribir poemas huele a rosas frescas.
images/synthetic_line_01465.png,Cada amanecer ilumina cada rincón del alma.
images/synthetic_line_01466.png,"Si buscas el éxito, ilumina cada rincón del alma. - Mario Benedetti."
images/synthetic_line_01467.png,Mi mujer huele a rosas frescas.
images/synthetic_line_01468.png,"No te rindas, me dice que todo saldrá bien."
images/synthetic_line_01469.png,El hombre que amas despierta pasiones dormidas.
images/synthetic_line_01470.png,Cada amanecer guía los pasos hacia nuevos horizontes. - Saludos desde Cádiz
images/synthetic_line_01471.png,Agradezco vence cualquier obstáculo con calma.
images/synthetic_line_01472.png,Mi mujer soñada me quiere más que a nada.
images/synthetic_line_01473.png,El hombre es un regalo que no debemos olvidar. - Jorge Luis Borges.
images/synthetic_line_01474.png,La libertad pertenece a mi vida.
images/synthetic_line_01475.png,Vuestra memoria pertenece a mi vida. - Mario Benedetti.
images/synthetic_line_01476.png,Tu mirada merece vivirse con toda la intensidad.
images/synthetic_line_01477.png,Su mirada huele a rosas frescas. - Mario Benedetti.
images/synthetic_line_01478.png,La paciencia ilumina cada rincón del alma.
images/synthetic_line_01479.png,Tu amor y mi mayor apoyo. - Octavio Paz.
images/synthetic_line_01480.png,"No te rindas, tiene un corazón rebelde."
images/synthetic_line_01481.png,"Escribir poemas es un regalo que no debemos olvidar. - Madrid, 03/09/92"
images/synthetic_line_01482.png,Cada atardecer despierta pasiones dormidas.
images/synthetic_line_01483.png,El amor de mi vida sabe que todo vale la pena. - Saludos desde Madrid.
images/synthetic_line_01484.png,- Notas del día 15-08-24.
images/synthetic_line_01485.png,Cada atardecer vence cualquier obstáculo con calma.
images/synthetic_line_01486.png,La libertad me dice que todo saldrá bien. - Gabriel García Márquez.
images/synthetic_line_01487.png,Escribir poemas cuida sus flores cada día.
images/synthetic_line_01488.png,"Si quieres ser mi estrella, sabe que todo vale la pena."
images/synthetic_line_01489.png,El mayor tesoro ilumina cada rincón del alma.
images/synthetic_line_01490.png,Eres mi mejor compañía abre senderos que antes no existían.
images/synthetic_line_01491.png,Tu mirada transforma la rutina en pura magia. - Gustavo Adolfo Bécquer.
images/synthetic_line_01492.png,El mayor tesoro me cuida como a una flor. - Notas del día 15-08-24.
images/synthetic_line_01493.png,Tu mirada y mi mayor apoyo. - Isabel Allende.
images/synthetic_line_01494.png,La libertad hace que todo sea más hermoso. - Gustavo Adolfo Bécquer.
images/synthetic_line_01495.png,El mayor tesoro por la que sonrío todos los días.
images/synthetic_line_01496.png,Mi hombre soñado deja huellas imborrables en el tiempo.
images/synthetic_line_01497.png,Tu amor ilumina mi vida por completo. - Octavio Paz.
images/synthetic_line_01498.png,El hombre huele a rosas frescas. - Ref: 984-A / Cuaderno.
images/synthetic_line_01499.png,Tu amor transforma la rutina en pura magia. - Ref: 984-A / Cuaderno.
images/synthetic_line_01500.png,El camino transforma la rutina en pura magia. - Isabel Allende.
images/synthetic_line_01501.png,"No te rindas, pertenece a mi vida. - Julio Cortázar."
images/synthetic_line_01502.png,Cada atardecer es un regalo que no debemos olvidar. - Antonio Machado.
images/synthetic_line_01503.png,"Si quieres ser mi estrella, me dice que todo saldrá bien. - Notas del día 15-08-24."
images/synthetic_line_01504.png,Un corazón sincero es la razón de sonreír a diario. - Antonio Machado.
images/synthetic_line_01505.png,"Eres mi mejor compañía construye puentes sobre mares agitados. - Madrid, 03/09/92"
images/synthetic_line_01506.png,Tu amor ilumina cada rincón del alma.
images/synthetic_line_01507.png,El mayor tesoro guía los pasos hacia nuevos horizontes. - Mario Benedetti.
images/synthetic_line_01508.png,El viaje sabe protegerme siempre.
images/synthetic_line_01509.png,- Gabriel García Márquez.
images/synthetic_line_01510.png,Agradezco me dice que todo saldrá bien. - Gabriel García Márquez.
images/synthetic_line_01511.png,Cada amanecer me quiere más que a nada. - Notas del día 15-08-24.
images/synthetic_line_01512.png,Tu sonrisa acompaña las noches de invierno.
images/synthetic_line_01513.png,Tu amor nos enseña a valorar lo simple.
images/synthetic_line_01514.png,El hombre que amas alcanza cimas que parecían lejanas.
images/synthetic_line_01515.png,Tu presencia y mi mayor apoyo.
images/synthetic_line_01516.png,Un buen recuerdo transforma la rutina en pura magia. - Saludos desde Madrid.
images/synthetic_line_01517.png,"Si buscas el éxito, prometo ser tu cielo. - Isabel Allende."
images/synthetic_line_01518.png,Eres la razón ilumina mi vida por completo. - Julio Cortázar.
images/synthetic_line_01519.png,Tu amor ilumina mi vida por completo. - Octavio Paz.
images/synthetic_line_01520.png,Mi hombre vence cualquier obstáculo con calma.
images/synthetic_line_01521.png,Eres mi mejor compañía huele a rosas frescas. - Antonio Machado.
images/synthetic_line_01522.png,Tu mirada cuida sus flores cada día. - Antonio Machado.
images/synthetic_line_01523.png,Su sonrisa sabe protegerme siempre. - Antonio Machado.
images/synthetic_line_01524.png,Eres mi mejor compañía vence cualquier obstáculo con calma.
images/synthetic_line_01525.png,Caminar juntos es la razón de sonreír a diario. - Jorge Luis Borges.
images/synthetic_line_01526.png,Escribir poemas y mi mayor apoyo.
images/synthetic_line_01527.png,Su mirada guía los pasos hacia nuevos horizontes. - Pablo Neruda.
images/synthetic_line_01528.png,Escribir poemas pertenece a mi vida. - Mario Benedetti.
images/synthetic_line_01529.png,Tu mirada pertenece a mi vida. - Julio Cortázar.
images/synthetic_line_01530.png,Tu sonrisa ilumina cada rincón del alma.
images/synthetic_line_01531.png,El hombre que amas hace que todo sea más hermoso. - Ref: 984-A / Cuaderno.
images/synthetic_line_01532.png,Tu sonrisa sabe que todo vale la pena.
images/synthetic_line_01533.png,Mi mujer soñada sabe que todo vale la pena. - Gabriel García Márquez.
images/synthetic_line_01534.png,Vuestra memoria tiene un corazón rebelde. - Notas del día 15-08-24.
images/synthetic_line_01535.png,Vuestra memoria es la razón de sonreír a diario. - Jorge Luis Borges.
images/synthetic_line_01536.png,La perseverancia me cuida como a una flor.
images/synthetic_line_01537.png,Caminar juntos sabe que todo vale la pena.
images/synthetic_line_01538.png,"No te rindas, construye puentes sobre mares agitados. - Octavio Paz."
images/synthetic_line_01539.png,Mi hombre soñado nos enseña a valorar lo simple.
images/synthetic_line_01540.png,Un corazón sincero ilumina mi vida por completo. - Federico García Lorca.
images/synthetic_line_01541.png,Mi hombre soñado despierta pasiones dormidas. - Jorge Luis Borges.
images/synthetic_line_01542.png,Mi mujer deja huellas imborrables en el tiempo. - Jorge Luis Borges.
images/synthetic_line_01543.png,El tiempo compartido prometo ser tu cielo.
images/synthetic_line_01544.png,Tú ilumina mi vida por completo. - Octavio Paz.
images/synthetic_line_01545.png,La vida huele a rosas frescas. - Antonio Machado.
images/synthetic_line_01546.png,Tu mirada da sentido a los pequeños instantes.
images/synthetic_line_01547.png,La perseverancia pertenece a mi vida. L.L.L. ~ 02-10-23
images/synthetic_line_01548.png,El tiempo compartido cuida sus flores cada día.
images/synthetic_line_01549.png,L.L.L. ~ 02-10-23
images/synthetic_line_01550.png,El camino vence cualquier obstáculo con calma. - Saludos desde Cádiz
images/synthetic_line_01551.png,Cada atardecer construye puentes sobre mares agitados.
images/synthetic_line_01552.png,Caminar juntos sabe protegerme siempre.
images/synthetic_line_01553.png,Eres la razón da sentido a los pequeños instantes. - Jorge Luis Borges.
images/synthetic_line_01554.png,El amor de mi vida vence cualquier obstáculo con calma. - Pablo Neruda.
images/synthetic_line_01555.png,Caminar juntos construye puentes sobre mares agitados. - Gustavo Adolfo Bécquer.
images/synthetic_line_01556.png,Tu amor deja huellas imborrables en el tiempo. - Isabel Allende.
images/synthetic_line_01557.png,Cada atardecer cuida sus flores cada día. - Notas del día 15-08-24.
images/synthetic_line_01558.png,El camino merece vivirse con toda la intensidad. - Saludos desde Cádiz
images/synthetic_line_01559.png,La paciencia acompaña las noches de invierno.
images/synthetic_line_01560.png,La mujer nos enseña a valorar lo simple.
images/synthetic_line_01561.png,Eres mi mejor compañía despierta pasiones dormidas.
images/synthetic_line_01562.png,"Si quieres ser mi estrella, guía los pasos hacia nuevos horizontes. - Saludos desde Cádiz"
images/synthetic_line_01563.png,La vida guía los pasos hacia nuevos horizontes. - Antonio Machado.
images/synthetic_line_01564.png,El mayor tesoro ilumina cada rincón del alma.
images/synthetic_line_01565.png,Tú guía los pasos hacia nuevos horizontes. - Mario Benedetti.
images/synthetic_line_01566.png,Escribir poemas me quiere más que a nada.
images/synthetic_line_01567.png,Tu presencia sabe protegerme siempre. - Ref: 984-A / Cuaderno.
images/synthetic_line_01568.png,Mi hombre soñado hace que todo sea más hermoso. - Mario Benedetti.
images/synthetic_line_01569.png,"Si buscas el éxito, es un regalo que no debemos olvidar. - Antonio Machado."
images/synthetic_line_01570.png,Su sonrisa hace que todo sea más hermoso.
images/synthetic_line_01571.png,Escribir poemas es la razón de sonreír a diario.
images/synthetic_line_01572.png,Cada amanecer huele a rosas frescas. - Antonio Machado.
images/synthetic_line_01573.png,"No te rindas, me quiere más que a nada."
images/synthetic_line_01574.png,Un buen recuerdo alcanza cimas que parecían lejanas.
images/synthetic_line_01575.png,La perseverancia sabe protegerme siempre. - Ref: 984-A / Cuaderno.
images/synthetic_line_01576.png,Cada amanecer acompaña las noches de invierno.
images/synthetic_line_01577.png,Tu mirada vence cualquier obstáculo con calma.
images/synthetic_line_01578.png,Cada amanecer vence cualquier obstáculo con calma.
images/synthetic_line_01579.png,Tu presencia y mi mayor apoyo.
images/synthetic_line_01580.png,Caminar juntos sabe protegerme siempre.
images/synthetic_line_01581.png,"Si buscas el éxito, sabe que todo vale la pena. - Jorge Luis Borges."
images/synthetic_line_01582.png,La mujer que amas hace que todo sea más hermoso. - Saludos desde Cádiz
images/synthetic_line_01583.png,Cada amanecer tiene un corazón rebelde. - Octavio Paz.
images/synthetic_line_01584.png,Eres la razón prometo ser tu cielo.
images/synthetic_line_01585.png,"No te rindas, hace que todo sea más hermoso."
images/synthetic_line_01586.png,Nuestra memoria transforma la rutina en pura magia.
images/synthetic_line_01587.png,El hombre transforma la rutina en pura magia.
images/synthetic_line_01588.png,Tu sonrisa da sentido a los pequeños instantes. - Octavio Paz.
images/synthetic_line_01589.png,Un corazón rebelde deja huellas imborrables en el tiempo. - Federico García Lorca.
images/synthetic_line_01590.png,Caminar juntos me cuida como a una flor.
images/synthetic_line_01591.png,El hombre que amas por la que sonrío todos los días. - Julio Cortázar.
images/synthetic_line_01592.png,El tiempo compartido ilumina cada rincón del alma. - Julio Cortázar.
images/synthetic_line_01593.png,Agradezco ilumina cada rincón del alma. - Antonio Machado.
images/synthetic_line_01594.png,Tu presencia transforma la rutina en pura magia.
images/synthetic_line_01595.png,Un corazón rebelde construye puentes sobre mares agitados. - Notas del día 15-08-24.
images/synthetic_line_01596.png,El hombre vence cualquier obstáculo con calma.
images/synthetic_line_01597.png,"No te rindas, ilumina cada rincón del alma."
images/synthetic_line_01598.png,"Si buscas el éxito, acompaña las noches de invierno. - Pablo Neruda."
images/synthetic_line_01599.png,Cada amanecer es un regalo que no debemos olvidar.
images/synthetic_line_01600.png,Mi mujer huele a rosas frescas.
images/synthetic_line_01601.png,Un buen recuerdo y mi mayor apoyo. - Notas del día 15-08-24.
images/synthetic_line_01602.png,El hombre que amas huele a rosas frescas. - Isabel Allende.
images/synthetic_line_01603.png,"Si buscas el éxito, pertenece a mi vida."
images/synthetic_line_01604.png,El mayor tesoro hace que todo sea más hermoso.
images/synthetic_line_01605.png,Eres la razón me dice que todo saldrá bien. - Octavio Paz.
images/synthetic_line_01606.png,Un corazón sincero me cuida como a una flor.
images/synthetic_line_01607.png,Cada amanecer transforma la rutina en pura magia.
images/synthetic_line_01608.png,El tiempo compartido por la que sonrío todos los días. - Isabel Allende.
images/synthetic_line_01609.png,Agradezco nos enseña a valorar lo simple. - Ref: 984-A / Cuaderno.
images/synthetic_line_01610.png,"Tu presencia sabe protegerme siempre. - Madrid, 03/09/92"
images/synthetic_line_01611.png,El camino es un regalo que no debemos olvidar. - Federico García Lorca.
images/synthetic_line_01612.png,El viaje abre senderos que antes no existían.
images/synthetic_line_01613.png,Cada atardecer nos enseña a valorar lo simple.
images/synthetic_line_01614.png,"No te rindas, despierta pasiones dormidas."
images/synthetic_line_01615.png,Eres la razón da sentido a los pequeños instantes. - Jorge Luis Borges.
images/synthetic_line_01616.png,Su sonrisa acompaña las noches de invierno. L.L.L. ~ 02-10-23
images/synthetic_line_01617.png,La mujer deja huellas imborrables en el tiempo.
images/synthetic_line_01618.png,El viaje transforma la rutina en pura magia. - Mario Benedetti.
images/synthetic_line_01619.png,Su sonrisa es la razón de sonreír a diario. - Mario Benedetti.
images/synthetic_line_01620.png,Caminar juntos deja huellas imborrables en el tiempo. - Ref: 984-A / Cuaderno.
images/synthetic_line_01621.png,La mujer deja huellas imborrables en el tiempo.
images/synthetic_line_01622.png,Su sonrisa me quiere más que a nada.
images/synthetic_line_01623.png,Tú huele a rosas frescas. - Gustavo Adolfo Bécquer.
images/synthetic_line_01624.png,El viaje sabe protegerme siempre. - Isabel Allende.
images/synthetic_line_01625.png,El tiempo compartido nos enseña a valorar lo simple. - Julio Cortázar.
images/synthetic_line_01626.png,Su mirada y mi mayor apoyo.
images/synthetic_line_01627.png,Agradezco por la que sonrío todos los días. - Mario Benedetti.
images/synthetic_line_01628.png,"No te rindas, pertenece a mi vida. - Julio Cortázar."
images/synthetic_line_01629.png,El hombre despierta pasiones dormidas. L.L.L. ~ 02-10-23
images/synthetic_line_01630.png,El viaje sabe protegerme siempre.
images/synthetic_line_01631.png,Eres mi mejor compañía me quiere más que a nada. - Julio Cortázar.
images/synthetic_line_01632.png,Mi mujer soñada alcanza cimas que parecían lejanas.
images/synthetic_line_01633.png,El amor de mi vida me quiere más que a nada. - Gustavo Adolfo Bécquer.
images/synthetic_line_01634.png,La paciencia me quiere más que a nada. - Julio Cortázar.
images/synthetic_line_01635.png,Su sonrisa da sentido a los pequeños instantes. - Antonio Machado.
images/synthetic_line_01636.png,Caminar juntos deja huellas imborrables en el tiempo. - Saludos desde Madrid.
images/synthetic_line_01637.png,La libertad me dice que todo saldrá bien. - Gabriel García Márquez.
images/synthetic_line_01638.png,Mi mujer me quiere más que a nada. - Notas del día 15-08-24.
images/synthetic_line_01639.png,Vuestra memoria me cuida como a una flor. - Octavio Paz.
images/synthetic_line_01640.png,Tú es un regalo que no debemos olvidar.
images/synthetic_line_01641.png,Un corazón sincero ilumina mi vida por completo. - Federico García Lorca.
images/synthetic_line_01642.png,La libertad merece vivirse con toda la intensidad. - Mario Benedetti.
images/synthetic_line_01643.png,Tu amor transforma la rutina en pura magia.
images/synthetic_line_01644.png,Eres la razón prometo ser tu cielo.
images/synthetic_line_01645.png,La mujer hace que todo sea más hermoso.
images/synthetic_line_01646.png,El hombre es la razón de sonreír a diario.
images/synthetic_line_01647.png,"Si quieres ser mi estrella, sabe que todo vale la pena."
images/synthetic_line_01648.png,Un corazón sincero es la razón de sonreír a diario. - Octavio Paz.
images/synthetic_line_01649.png,Mi mujer me quiere más que a nada.
images/synthetic_line_01650.png,Mi hombre transforma la rutina en pura magia.
images/synthetic_line_01651.png,Un buen recuerdo deja huellas imborrables en el tiempo.
images/synthetic_line_01652.png,Tú me cuida como a una flor. - Gustavo Adolfo Bécquer.
images/synthetic_line_01653.png,La mujer transforma la rutina en pura magia. - Antonio Machado.
images/synthetic_line_01654.png,El tiempo compartido me quiere más que a nada. - Isabel Allende.
images/synthetic_line_01655.png,El tiempo compartido es un regalo que no debemos olvidar. - Saludos desde Cádiz
images/synthetic_line_01656.png,"Si buscas el éxito, ilumina cada rincón del alma."
images/synthetic_line_01657.png,El hombre que amas por la que sonrío todos los días. - Pablo Neruda.
images/synthetic_line_01658.png,Un corazón sincero me dice que todo saldrá bien. - Julio Cortázar.
images/synthetic_line_01659.png,Mi mujer soñada alcanza cimas que parecían lejanas.
images/synthetic_line_01660.png,Eres mi mejor compañía abre senderos que antes no existían. - Saludos desde Madrid.
images/synthetic_line_01661.png,Tu presencia y mi mayor apoyo.
images/synthetic_line_01662.png,Eres la razón me dice que todo saldrá bien.
images/synthetic_line_01663.png,Nuestra memoria alcanza cimas que parecían lejanas.
images/synthetic_line_01664.png,Tú nos enseña a valorar lo simple. - Julio Cortázar.
images/synthetic_line_01665.png,El tiempo compartido nos enseña a valorar lo simple. - Julio Cortázar.
images/synthetic_line_01666.png,Tu sonrisa sabe que todo vale la pena. - Mario Benedetti.
images/synthetic_line_01667.png,Un corazón sincero alcanza cimas que parecían lejanas. L.L.L. ~ 02-10-23
images/synthetic_line_01668.png,Cada amanecer vence cualquier obstáculo con calma.
images/synthetic_line_01669.png,Agradezco nos enseña a valorar lo simple. - Ref: 984-A / Cuaderno.
images/synthetic_line_01670.png,"Si buscas el éxito, me cuida como a una flor."
images/synthetic_line_01671.png,El amor de mi vida me quiere más que a nada.
images/synthetic_line_01672.png,El camino da sentido a los pequeños instantes. - Mario Benedetti.
images/synthetic_line_01673.png,Un buen recuerdo merece vivirse con toda la intensidad.
images/synthetic_line_01674.png,Mi hombre es la razón de sonreír a diario. - Octavio Paz.
images/synthetic_line_01675.png,El camino da sentido a los pequeños instantes. - Jorge Luis Borges.
images/synthetic_line_01676.png,Mi mujer ilumina cada rincón del alma. - Notas del día 15-08-24.
images/synthetic_line_01677.png,Un buen recuerdo ilumina cada rincón del alma.
images/synthetic_line_01678.png,Eres mi mejor compañía deja huellas imborrables en el tiempo. - Gustavo Adolfo Bécquer.
images/synthetic_line_01679.png,La mujer que amas ilumina cada rincón del alma.
images/synthetic_line_01680.png,La paciencia prometo ser tu cielo. - Octavio Paz.
images/synthetic_line_01681.png,Vuestra memoria y mi mayor apoyo.
images/synthetic_line_01682.png,Un corazón rebelde ilumina cada rincón del alma. - Notas del día 15-08-24.
images/synthetic_line_01683.png,El hombre que amas y mi mayor apoyo.
images/synthetic_line_01684.png,Cada atardecer me dice que todo saldrá bien.
images/synthetic_line_01685.png,Un corazón rebelde ilumina cada rincón del alma. - Notas del día 15-08-24.
images/synthetic_line_01686.png,La vida sabe que todo vale la pena.
images/synthetic_line_01687.png,La perseverancia sabe protegerme siempre. - Ref: 984-A / Cuaderno.
images/synthetic_line_01688.png,El amor de mi vida alcanza cimas que parecían lejanas.
images/synthetic_line_01689.png,Cada amanecer nos enseña a valorar lo simple. - Pablo Neruda.
images/synthetic_line_01690.png,"Si quieres ser mi estrella, construye puentes sobre mares agitados."
images/synthetic_line_01691.png,La mujer despierta pasiones dormidas.
images/synthetic_line_01692.png,Tu mirada acompaña las noches de invierno. - Ref: 984-A / Cuaderno.
images/synthetic_line_01693.png,La vida pertenece a mi vida. - Notas del día 15-08-24.
images/synthetic_line_01694.png,Tu presencia abre senderos que antes no existían. - Jorge Luis Borges.
images/synthetic_line_01695.png,Cada atardecer hace que todo sea más hermoso.
images/synthetic_line_01696.png,Caminar juntos pertenece a mi vida. - Octavio Paz.
images/synthetic_line_01697.png,Cada amanecer por la que sonrío todos los días.
images/synthetic_line_01698.png,Tu sonrisa guía los pasos hacia nuevos horizontes.
images/synthetic_line_01699.png,La vida hace que todo sea más hermoso. L.L.L. ~ 02-10-23
images/synthetic_line_01700.png,"Si buscas el éxito, sabe protegerme siempre. - Antonio Machado."
images/synthetic_line_01701.png,Mi hombre soñado me dice que todo saldrá bien.
images/synthetic_line_01702.png,La vida da sentido a los pequeños instantes. - Gustavo Adolfo Bécquer.
images/synthetic_line_01703.png,El camino vence cualquier obstáculo con calma. - Saludos desde Cádiz
images/synthetic_line_01704.png,Mi mujer soñada deja huellas imborrables en el tiempo.
images/synthetic_line_01705.png,Vuestra memoria transforma la rutina en pura magia. - Jorge Luis Borges.
images/synthetic_line_01706.png,Tu amor nos enseña a valorar lo simple.
images/synthetic_line_01707.png,El hombre que amas transforma la rutina en pura magia.
images/synthetic_line_01708.png,Cada amanecer sabe protegerme siempre.
images/synthetic_line_01709.png,La libertad y mi mayor apoyo.
images/synthetic_line_01710.png,La perseverancia ilumina mi vida por completo. - Julio Cortázar.
images/synthetic_line_01711.png,Mi hombre soñado prometo ser tu cielo. - Saludos desde Madrid.
images/synthetic_line_01712.png,Cada amanecer vence cualquier obstáculo con calma. - Pablo Neruda.
images/synthetic_line_01713.png,La perseverancia da sentido a los pequeños instantes. - Notas del día 15-08-24.
images/synthetic_line_01714.png,"Si quieres ser mi estrella, me cuida como a una flor."
images/synthetic_line_01715.png,Mi mujer soñada me quiere más que a nada.
images/synthetic_line_01716.png,- Pablo Neruda.
images/synthetic_line_01717.png,Mi hombre soñado despierta pasiones dormidas. - Jorge Luis Borges.
images/synthetic_line_01718.png,La vida tiene un corazón rebelde. - Federico García Lorca.
images/synthetic_line_01719.png,"Si buscas el éxito, merece vivirse con toda la intensidad. - Julio Cortázar."
images/synthetic_line_01720.png,Su mirada pertenece a mi vida. - Saludos desde Cádiz
images/synthetic_line_01721.png,Un buen recuerdo acompaña las noches de invierno.
images/synthetic_line_01722.png,"El viaje da sentido a los pequeños instantes. - Madrid, 03/09/92"
images/synthetic_line_01723.png,Su mirada abre senderos que antes no existían. L.L.L. ~ 02-10-23
images/synthetic_line_01724.png,Su mirada cuida sus flores cada día. - Pablo Neruda.
images/synthetic_line_01725.png,Mi mujer despierta pasiones dormidas.
images/synthetic_line_01726.png,La libertad por la que sonrío todos los días.
images/synthetic_line_01727.png,Vuestra memoria es un regalo que no debemos olvidar. L.L.L. ~ 02-10-23
images/synthetic_line_01728.png,Nuestra memoria alcanza cimas que parecían lejanas. - Isabel Allende.
images/synthetic_line_01729.png,Mi hombre soñado alcanza cimas que parecían lejanas. - Mario Benedetti.
images/synthetic_line_01730.png,Mi hombre sabe que todo vale la pena.
images/synthetic_line_01731.png,Eres mi mejor compañía tiene un corazón rebelde.
images/synthetic_line_01732.png,Eres mi mejor compañía es la razón de sonreír a diario. - Julio Cortázar.
images/synthetic_line_01733.png,La perseverancia ilumina cada rincón del alma.
images/synthetic_line_01734.png,La mujer que amas da sentido a los pequeños instantes.
images/synthetic_line_01735.png,Su mirada guía los pasos hacia nuevos horizontes. - Octavio Paz.
images/synthetic_line_01736.png,"Si buscas el éxito, me cuida como a una flor."
images/synthetic_line_01737.png,"Tu presencia sabe protegerme siempre. - Madrid, 03/09/92"
images/synthetic_line_01738.png,Mi hombre soñado me quiere más que a nada.
images/synthetic_line_01739.png,El mayor tesoro prometo ser tu cielo.
images/synthetic_line_01740.png,Un corazón sincero despierta pasiones dormidas. - Julio Cortázar.
images/synthetic_line_01741.png,Tu presencia despierta pasiones dormidas. - Pablo Neruda.
images/synthetic_line_01742.png,Un corazón sincero despierta pasiones dormidas. - Julio Cortázar.
images/synthetic_line_01743.png,Agradezco huele a rosas frescas.
images/synthetic_line_01744.png,El tiempo compartido merece vivirse con toda la intensidad. - Saludos desde Cádiz
images/synthetic_line_01745.png,Su sonrisa tiene un corazón rebelde.
images/synthetic_line_01746.png,Vuestra memoria ilumina mi vida por completo. - Jorge Luis Borges.
images/synthetic_line_01747.png,"No te rindas, nos enseña a valorar lo simple."
images/synthetic_line_01748.png,La libertad me dice que todo saldrá bien. - Gabriel García Márquez.
images/synthetic_line_01749.png,El viaje construye puentes sobre mares agitados. - Gustavo Adolfo Bécquer.
images/synthetic_line_01750.png,El mayor tesoro alcanza cimas que parecían lejanas.
images/synthetic_line_01751.png,Tu mirada y mi mayor apoyo.
images/synthetic_line_01752.png,Mi hombre soñado abre senderos que antes no existían. - Saludos desde Madrid.
images/synthetic_line_01753.png,Cada atardecer merece vivirse con toda la intensidad.
images/synthetic_line_01754.png,Cada amanecer guía los pasos hacia nuevos horizontes. - Saludos desde Cádiz
images/synthetic_line_01755.png,Escribir poemas me dice que todo saldrá bien. - Saludos desde Madrid.
images/synthetic_line_01756.png,El amor de mi vida deja huellas imborrables en el tiempo. - Julio Cortázar.
images/synthetic_line_01757.png,El tiempo compartido transforma la rutina en pura magia. - Notas del día 15-08-24.
images/synthetic_line_01758.png,La libertad sabe protegerme siempre. - Pablo Neruda.
images/synthetic_line_01759.png,La paciencia y mi mayor apoyo. - Octavio Paz.
images/synthetic_line_01760.png,El camino y mi mayor apoyo. - Mario Benedetti.
images/synthetic_line_01761.png,El amor de mi vida y mi mayor apoyo.
images/synthetic_line_01762.png,"Tu sonrisa me cuida como a una flor. - Madrid, 03/09/92"
images/synthetic_line_01763.png,Tú me dice que todo saldrá bien. - Notas del día 15-08-24.
images/synthetic_line_01764.png,Mi mujer soñada huele a rosas frescas. - Gabriel García Márquez.
images/synthetic_line_01765.png,Un buen recuerdo acompaña las noches de invierno.
images/synthetic_line_01766.png,El amor de mi vida prometo ser tu cielo.
images/synthetic_line_01767.png,"Si buscas el éxito, construye puentes sobre mares agitados. - Ref: 984-A / Cuaderno."
images/synthetic_line_01768.png,El hombre construye puentes sobre mares agitados. - Julio Cortázar.
images/synthetic_line_01769.png,Mi mujer alcanza cimas que parecían lejanas. - Saludos desde Cádiz
images/synthetic_line_01770.png,El hombre que amas hace que todo sea más hermoso. - Julio Cortázar.
images/synthetic_line_01771.png,La mujer que amas da sentido a los pequeños instantes.
images/synthetic_line_01772.png,Tu amor deja huellas imborrables en el tiempo. - Isabel Allende.
images/synthetic_line_01773.png,El hombre es un regalo que no debemos olvidar. - Jorge Luis Borges.
images/synthetic_line_01774.png,"No te rindas, es un regalo que no debemos olvidar."
images/synthetic_line_01775.png,La mujer que amas construye puentes sobre mares agitados.
images/synthetic_line_01776.png,Escribir poemas transforma la rutina en pura magia.
images/synthetic_line_01777.png,Mi mujer merece vivirse con toda la intensidad. - Mario Benedetti.
images/synthetic_line_01778.png,"No te rindas, es la razón de sonreír a diario."
images/synthetic_line_01779.png,Eres mi mejor compañía abre senderos que antes no existían. - Saludos desde Madrid.
images/synthetic_line_01780.png,Tú es la razón de sonreír a diario.
images/synthetic_line_01781.png,"No te rindas, pertenece a mi vida. - Julio Cortázar."
images/synthetic_line_01782.png,Tu amor me cuida como a una flor. - Isabel Allende.
images/synthetic_line_01783.png,El camino merece vivirse con toda la intensidad. - Saludos desde Cádiz
images/synthetic_line_01784.png,Mi hombre tiene un corazón rebelde.
images/synthetic_line_01785.png,Escribir poemas construye puentes sobre mares agitados. - Julio Cortázar.
images/synthetic_line_01786.png,Tu presencia abre senderos que antes no existían. - Jorge Luis Borges.
images/synthetic_line_01787.png,Mi mujer guía los pasos hacia nuevos horizontes. - Mario Benedetti.
images/synthetic_line_01788.png,"Un buen recuerdo me quiere más que a nada. - Madrid, 03/09/92"
images/synthetic_line_01789.png,El hombre despierta pasiones dormidas. - Isabel Allende.
images/synthetic_line_01790.png,Tu amor y mi mayor apoyo. - Octavio Paz.
images/synthetic_line_01791.png,El hombre que amas hace que todo sea más hermoso. - Ref: 984-A / Cuaderno.
images/synthetic_line_01792.png,Mi mujer deja huellas imborrables en el tiempo.
images/synthetic_line_01793.png,Su mirada guía los pasos hacia nuevos horizontes. - Pablo Neruda.
images/synthetic_line_01794.png,Su mirada ilumina cada rincón del alma. - Gabriel García Márquez.
images/synthetic_line_01795.png,La vida sabe que todo vale la pena. - Federico García Lorca.
images/synthetic_line_01796.png,Agradezco cuida sus flores cada día.
images/synthetic_line_01797.png,Tu mirada transforma la rutina en pura magia. - Antonio Machado.
images/synthetic_line_01798.png,Agradezco construye puentes sobre mares agitados.
images/synthetic_line_01799.png,Tu mirada ilumina cada rincón del alma. - Pablo Neruda.
images/synthetic_line_01800.png,La mujer prometo ser tu cielo. - Antonio Machado.
images/synthetic_line_01801.png,Tu sonrisa hace que todo sea más hermoso.
images/synthetic_line_01802.png,Cada amanecer cuida sus flores cada día.
images/synthetic_line_01803.png,La vida abre senderos que antes no existían. L.L.L. ~ 02-10-23
images/synthetic_line_01804.png,Tú es un regalo que no debemos olvidar.
images/synthetic_line_01805.png,Tu mirada hace que todo sea más hermoso. - Jorge Luis Borges.
images/synthetic_line_01806.png,El mayor tesoro guía los pasos hacia nuevos horizontes.
images/synthetic_line_01807.png,La mujer construye puentes sobre mares agitados.
images/synthetic_line_01808.png,Cada atardecer transforma la rutina en pura magia.
images/synthetic_line_01809.png,La perseverancia es la razón de sonreír a diario. - Gustavo Adolfo Bécquer.
images/synthetic_line_01810.png,Mi mujer acompaña las noches de invierno. - Mario Benedetti.
images/synthetic_line_01811.png,"Si quieres ser mi estrella, huele a rosas frescas."
images/synthetic_line_01812.png,Su sonrisa hace que todo sea más hermoso.
images/synthetic_line_01813.png,Nuestra memoria deja huellas imborrables en el tiempo. - Federico García Lorca.
images/synthetic_line_01814.png,Vuestra memoria transforma la rutina en pura magia. - Saludos desde Cádiz
images/synthetic_line_01815.png,Su mirada y mi mayor apoyo.
images/synthetic_line_01816.png,Tu sonrisa y mi mayor apoyo.
images/synthetic_line_01817.png,Su sonrisa sabe protegerme siempre.
images/synthetic_line_01818.png,"Mi mujer soñada acompaña las noches de invierno. - Madrid, 03/09/92"
images/synthetic_line_01819.png,Tú es un regalo que no debemos olvidar. L.L.L. ~ 02-10-23
images/synthetic_line_01820.png,El hombre que amas huele a rosas frescas. - Isabel Allende.
images/synthetic_line_01821.png,El hombre que amas hace que todo sea más hermoso.
images/synthetic_line_01822.png,La mujer que amas tiene un corazón rebelde. - Mario Benedetti.
images/synthetic_line_01823.png,Tu mirada hace que todo sea más hermoso. - Jorge Luis Borges.
images/synthetic_line_01824.png,Agradezco acompaña las noches de invierno. - Ref: 984-A / Cuaderno.
images/synthetic_line_01825.png,Mi hombre ilumina mi vida por completo. - Julio Cortázar.
images/synthetic_line_01826.png,La vida prometo ser tu cielo.
images/synthetic_line_01827.png,La mujer que amas acompaña las noches de invierno.
images/synthetic_line_01828.png,Agradezco cuida sus flores cada día. - Saludos desde Madrid.
images/synthetic_line_01829.png,"No te rindas, ilumina cada rincón del alma."
images/synthetic_line_01830.png,Tu sonrisa pertenece a mi vida. - Gustavo Adolfo Bécquer.
images/synthetic_line_01831.png,Tu presencia me dice que todo saldrá bien. - Gustavo Adolfo Bécquer.
images/synthetic_line_01832.png,Tu sonrisa y mi mayor apoyo. - Saludos desde Cádiz
images/synthetic_line_01833.png,Su mirada deja huellas imborrables en el tiempo.
images/synthetic_line_01834.png,Mi hombre vence cualquier obstáculo con calma.
images/synthetic_line_01835.png,La libertad hace que todo sea más hermoso. - Gustavo Adolfo Bécquer.
images/synthetic_line_01836.png,Mi hombre soñado ilumina mi vida por completo. - Antonio Machado.
images/synthetic_line_01837.png,La mujer alcanza cimas que parecían lejanas. - Ref: 984-A / Cuaderno.
images/synthetic_line_01838.png,Vuestra memoria es un regalo que no debemos olvidar. - Notas del día 15-08-24.
images/synthetic_line_01839.png,Su sonrisa abre senderos que antes no existían.
images/synthetic_line_01840.png,Nuestra memoria por la que sonrío todos los días.
images/synthetic_line_01841.png,Tú me cuida como a una flor.
images/synthetic_line_01842.png,Eres la razón me dice que todo saldrá bien. - Octavio Paz.
images/synthetic_line_01843.png,El hombre que amas alcanza cimas que parecían lejanas. - Saludos desde Cádiz
images/synthetic_line_01844.png,Eres mi mejor compañía sabe que todo vale la pena. - Gustavo Adolfo Bécquer.
images/synthetic_line_01845.png,Tú sabe que todo vale la pena. - Jorge Luis Borges.
images/synthetic_line_01846.png,Mi hombre ilumina cada rincón del alma.
images/synthetic_line_01847.png,El mayor tesoro me quiere más que a nada. - Saludos desde Madrid.
images/synthetic_line_01848.png,Tu sonrisa tiene un corazón rebelde. - Jorge Luis Borges.
images/synthetic_line_01849.png,Un corazón rebelde es la razón de sonreír a diario.
images/synthetic_line_01850.png,Vuestra memoria por la que sonrío todos los días.
images/synthetic_line_01851.png,La mujer hace que todo sea más hermoso. - Pablo Neruda.
images/synthetic_line_01852.png,Su mirada pertenece a mi vida. - Saludos desde Cádiz
images/synthetic_line_01853.png,"Si buscas el éxito, acompaña las noches de invierno. - Madrid, 03/09/92"
images/synthetic_line_01854.png,El camino por la que sonrío todos los días.
images/synthetic_line_01855.png,Mi hombre soñado me cuida como a una flor.
images/synthetic_line_01856.png,Cada amanecer alcanza cimas que parecían lejanas. - Gabriel García Márquez.
images/synthetic_line_01857.png,Escribir poemas construye puentes sobre mares agitados. - Julio Cortázar.
images/synthetic_line_01858.png,El viaje vence cualquier obstáculo con calma.
images/synthetic_line_01859.png,Cada atardecer huele a rosas frescas.
images/synthetic_line_01860.png,El hombre que amas cuida sus flores cada día. - Saludos desde Madrid.
images/synthetic_line_01861.png,El mayor tesoro me dice que todo saldrá bien. - Mario Benedetti.
images/synthetic_line_01862.png,"Si quieres ser mi estrella, guía los pasos hacia nuevos horizontes. - Saludos desde Cádiz"
images/synthetic_line_01863.png,Agradezco ilumina cada rincón del alma. - Ref: 984-A / Cuaderno.
images/synthetic_line_01864.png,Cada atardecer cuida sus flores cada día. - Saludos desde Madrid.
images/synthetic_line_01865.png,El camino da sentido a los pequeños instantes. - Saludos desde Cádiz
images/synthetic_line_01866.png,El amor de mi vida vence cualquier obstáculo con calma.
images/synthetic_line_01867.png,Nuestra memoria es un regalo que no debemos olvidar.
images/synthetic_line_01868.png,El hombre ilumina cada rincón del alma. - Isabel Allende.
images/synthetic_line_01869.png,El hombre y mi mayor apoyo.
images/synthetic_line_01870.png,Tú construye puentes sobre mares agitados. - Ref: 984-A / Cuaderno.
images/synthetic_line_01871.png,Tu mirada transforma la rutina en pura magia. - Antonio Machado.
images/synthetic_line_01872.png,El mayor tesoro construye puentes sobre mares agitados. - Mario Benedetti.
images/synthetic_line_01873.png,"No te rindas, es un regalo que no debemos olvidar."
images/synthetic_line_01874.png,Su mirada es la razón de sonreír a diario.
images/synthetic_line_01875.png,La mujer sabe que todo vale la pena.
images/synthetic_line_01876.png,Vuestra memoria despierta pasiones dormidas. - Ref: 984-A / Cuaderno.
images/synthetic_line_01877.png,El mayor tesoro tiene un corazón rebelde. - Jorge Luis Borges.
images/synthetic_line_01878.png,"Eres la razón abre senderos que antes no existían. - Madrid, 03/09/92"
images/synthetic_line_01879.png,Nuestra memoria merece vivirse con toda la intensidad. - Julio Cortázar.
images/synthetic_line_01880.png,El camino da sentido a los pequeños instantes. - Jorge Luis Borges.
images/synthetic_line_01881.png,Su sonrisa sabe protegerme siempre. - Saludos desde Madrid.
images/synthetic_line_01882.png,Un buen recuerdo me quiere más que a nada. - Gabriel García Márquez.
images/synthetic_line_01883.png,Su mirada construye puentes sobre mares agitados. - Gabriel García Márquez.
images/synthetic_line_01884.png,Mi hombre soñado alcanza cimas que parecían lejanas.
images/synthetic_line_01885.png,Tu amor prometo ser tu cielo. - Ref: 984-A / Cuaderno.
images/synthetic_line_01886.png,Eres la razón ilumina mi vida por completo. - Julio Cortázar.
images/synthetic_line_01887.png,"Si buscas el éxito, sabe protegerme siempre. - Antonio Machado."
images/synthetic_line_01888.png,Tú me quiere más que a nada. - Isabel Allende.
images/synthetic_line_01889.png,"Eres la razón abre senderos que antes no existían. - Madrid, 03/09/92"
images/synthetic_line_01890.png,El camino ilumina mi vida por completo.
images/synthetic_line_01891.png,Mi hombre guía los pasos hacia nuevos horizontes. - Jorge Luis Borges.
images/synthetic_line_01892.png,"Si quieres ser mi estrella, merece vivirse con toda la intensidad. - Isabel Allende."
images/synthetic_line_01893.png,Mi mujer me quiere más que a nada. - Notas del día 15-08-24.
images/synthetic_line_01894.png,La mujer transforma la rutina en pura magia. - Antonio Machado.
images/synthetic_line_01895.png,Tu presencia por la que sonrío todos los días.
images/synthetic_line_01896.png,Tu amor guía los pasos hacia nuevos horizontes.
images/synthetic_line_01897.png,Agradezco me dice que todo saldrá bien.
images/synthetic_line_01898.png,El camino alcanza cimas que parecían lejanas.
images/synthetic_line_01899.png,La perseverancia da sentido a los pequeños instantes.
images/synthetic_line_01900.png,La paciencia nos enseña a valorar lo simple. - Pablo Neruda.
images/synthetic_line_01901.png,La perseverancia sabe protegerme siempre. - Ref: 984-A / Cuaderno.
images/synthetic_line_01902.png,Eres mi mejor compañía guía los pasos hacia nuevos horizontes.
images/synthetic_line_01903.png,La libertad me quiere más que a nada.
images/synthetic_line_01904.png,Eres mi mejor compañía guía los pasos hacia nuevos horizontes.
images/synthetic_line_01905.png,Su sonrisa ilumina cada rincón del alma.
images/synthetic_line_01906.png,El hombre que amas construye puentes sobre mares agitados. - Octavio Paz.
images/synthetic_line_01907.png,Escribir poemas es la razón de sonreír a diario.
images/synthetic_line_01908.png,Un corazón rebelde cuida sus flores cada día.
images/synthetic_line_01909.png,Su mirada es un regalo que no debemos olvidar. - Julio Cortázar.
images/synthetic_line_01910.png,La paciencia cuida sus flores cada día. - Federico García Lorca.
images/synthetic_line_01911.png,La libertad alcanza cimas que parecían lejanas. - Pablo Neruda.
images/synthetic_line_01912.png,Mi mujer guía los pasos hacia nuevos horizontes. - Mario Benedetti.
images/synthetic_line_01913.png,Escribir poemas alcanza cimas que parecían lejanas.
images/synthetic_line_01914.png,La paciencia construye puentes sobre mares agitados. L.L.L. ~ 02-10-23
images/synthetic_line_01915.png,La mujer que amas construye puentes sobre mares agitados. - Antonio Machado.
images/synthetic_line_01916.png,Su mirada hace que todo sea más hermoso. - Notas del día 15-08-24.
images/synthetic_line_01917.png,La mujer cuida sus flores cada día. - Antonio Machado.
images/synthetic_line_01918.png,"Escribir poemas por la que sonrío todos los días. - Madrid, 03/09/92"
images/synthetic_line_01919.png,Vuestra memoria huele a rosas frescas.
images/synthetic_line_01920.png,Su mirada ilumina cada rincón del alma. - Gabriel García Márquez.
images/synthetic_line_01921.png,Su sonrisa guía los pasos hacia nuevos horizontes.
images/synthetic_line_01922.png,Mi hombre huele a rosas frescas. - Notas del día 15-08-24.
images/synthetic_line_01923.png,El tiempo compartido merece vivirse con toda la intensidad. - Saludos desde Cádiz
images/synthetic_line_01924.png,Cada amanecer sabe que todo vale la pena.
images/synthetic_line_01925.png,Escribir poemas huele a rosas frescas.
images/synthetic_line_01926.png,La perseverancia es la razón de sonreír a diario. - Gustavo Adolfo Bécquer.
images/synthetic_line_01927.png,Mi hombre vence cualquier obstáculo con calma.
images/synthetic_line_01928.png,El hombre deja huellas imborrables en el tiempo. - Gabriel García Márquez.
images/synthetic_line_01929.png,Mi mujer soñada ilumina mi vida por completo. - Octavio Paz.
images/synthetic_line_01930.png,Agradezco cuida sus flores cada día.
images/synthetic_line_01931.png,"La mujer me quiere más que a nada. - Madrid, 03/09/92"
images/synthetic_line_01932.png,Tu sonrisa da sentido a los pequeños instantes. - Octavio Paz.
images/synthetic_line_01933.png,La libertad sabe protegerme siempre. - Pablo Neruda.
images/synthetic_line_01934.png,- Gabriel García Márquez.
images/synthetic_line_01935.png,Mi hombre soñado despierta pasiones dormidas. L.L.L. ~ 02-10-23
images/synthetic_line_01936.png,Caminar juntos abre senderos que antes no existían. - Mario Benedetti.
images/synthetic_line_01937.png,Cada atardecer ilumina cada rincón del alma.
images/synthetic_line_01938.png,Su sonrisa me cuida como a una flor.
images/synthetic_line_01939.png,El tiempo compartido alcanza cimas que parecían lejanas.
images/synthetic_line_01940.png,El viaje construye puentes sobre mares agitados. - Gustavo Adolfo Bécquer.
images/synthetic_line_01941.png,El hombre que amas cuida sus flores cada día. - Saludos desde Madrid.
images/synthetic_line_01942.png,Mi hombre soñado deja huellas imborrables en el tiempo. - Pablo Neruda.
images/synthetic_line_01943.png,La vida me dice que todo saldrá bien. - Federico García Lorca.
images/synthetic_line_01944.png,Tú transforma la rutina en pura magia.
images/synthetic_line_01945.png,El hombre es la razón de sonreír a diario. - Notas del día 15-08-24.
images/synthetic_line_01946.png,"Si buscas el éxito, abre senderos que antes no existían. - Antonio Machado."
images/synthetic_line_01947.png,Mi mujer es un regalo que no debemos olvidar.
images/synthetic_line_01948.png,El camino acompaña las noches de invierno. - Julio Cortázar.
images/synthetic_line_01949.png,Su sonrisa ilumina cada rincón del alma.
images/synthetic_line_01950.png,Un buen recuerdo me dice que todo saldrá bien. - Isabel Allende.
images/synthetic_line_01951.png,"Si quieres ser mi estrella, es un regalo que no debemos olvidar."
images/synthetic_line_01952.png,La libertad pertenece a mi vida.
images/synthetic_line_01953.png,Eres la razón me dice que todo saldrá bien.
images/synthetic_line_01954.png,Su mirada deja huellas imborrables en el tiempo.
images/synthetic_line_01955.png,Mi mujer acompaña las noches de invierno. - Mario Benedetti.
images/synthetic_line_01956.png,"Si buscas el éxito, guía los pasos hacia nuevos horizontes. L.L.L. ~ 02-10-23"
images/synthetic_line_01957.png,El hombre que amas alcanza cimas que parecían lejanas. - Saludos desde Cádiz
images/synthetic_line_01958.png,La vida sabe que todo vale la pena. - Julio Cortázar.
images/synthetic_line_01959.png,"El camino acompaña las noches de invierno. - Madrid, 03/09/92"
images/synthetic_line_01960.png,La mujer que amas hace que todo sea más hermoso. - Saludos desde Cádiz
images/synthetic_line_01961.png,Cada amanecer me quiere más que a nada. - Notas del día 15-08-24.
images/synthetic_line_01962.png,Mi mujer ilumina cada rincón del alma. - Notas del día 15-08-24.
images/synthetic_line_01963.png,Eres mi mejor compañía abre senderos que antes no existían. - Saludos desde Madrid.
images/synthetic_line_01964.png,La vida acompaña las noches de invierno. - Julio Cortázar.
images/synthetic_line_01965.png,El mayor tesoro por la que sonrío todos los días.
images/synthetic_line_01966.png,La mujer que amas me quiere más que a nada. L.L.L. ~ 02-10-23
images/synthetic_line_01967.png,Un buen recuerdo me dice que todo saldrá bien. - Saludos desde Madrid.
images/synthetic_line_01968.png,El hombre da sentido a los pequeños instantes. - Saludos desde Madrid.
images/synthetic_line_01969.png,Mi hombre soñado tiene un corazón rebelde.
images/synthetic_line_01970.png,La mujer acompaña las noches de invierno. - Saludos desde Cádiz
images/synthetic_line_01971.png,La perseverancia da sentido a los pequeños instantes. - Notas del día 15-08-24.
images/synthetic_line_01972.png,Un corazón sincero construye puentes sobre mares agitados.
images/synthetic_line_01973.png,Eres mi mejor compañía merece vivirse con toda la intensidad. - Ref: 984-A / Cuaderno.
images/synthetic_line_01974.png,Tu presencia da sentido a los pequeños instantes. - Gustavo Adolfo Bécquer.
images/synthetic_line_01975.png,Cada atardecer vence cualquier obstáculo con calma. L.L.L. ~ 02-10-23
images/synthetic_line_01976.png,El hombre ilumina cada rincón del alma. - Isabel Allende.
images/synthetic_line_01977.png,Un corazón sincero me quiere más que a nada. - Isabel Allende.
images/synthetic_line_01978.png,El hombre que amas sabe protegerme siempre. - Saludos desde Cádiz
images/synthetic_line_01979.png,"Si quieres ser mi estrella, vence cualquier obstáculo con calma. - Madrid, 03/09/92"
images/synthetic_line_01980.png,El mayor tesoro deja huellas imborrables en el tiempo. - Ref: 984-A / Cuaderno.
images/synthetic_line_01981.png,Caminar juntos huele a rosas frescas. - Saludos desde Cádiz
images/synthetic_line_01982.png,La mujer que amas ilumina cada rincón del alma. - Jorge Luis Borges.
images/synthetic_line_01983.png,"El mayor tesoro cuida sus flores cada día. - Madrid, 03/09/92"
images/synthetic_line_01984.png,Su sonrisa tiene un corazón rebelde.
images/synthetic_line_01985.png,El amor de mi vida ilumina cada rincón del alma. - Notas del día 15-08-24.
images/synthetic_line_01986.png,El hombre que amas merece vivirse con toda la intensidad.
images/synthetic_line_01987.png,Cada amanecer cuida sus flores cada día. - Ref: 984-A / Cuaderno.
images/synthetic_line_01988.png,Su sonrisa merece vivirse con toda la intensidad.
images/synthetic_line_01989.png,La paciencia me quiere más que a nada. L.L.L. ~ 02-10-23
images/synthetic_line_01990.png,El amor de mi vida prometo ser tu cielo.
images/synthetic_line_01991.png,El tiempo compartido merece vivirse con toda la intensidad. - Saludos desde Cádiz
images/synthetic_line_01992.png,Vuestra memoria abre senderos que antes no existían. - Federico García Lorca.
images/synthetic_line_01993.png,Un corazón rebelde construye puentes sobre mares agitados.
images/synthetic_line_01994.png,Mi hombre soñado y mi mayor apoyo.
images/synthetic_line_01995.png,"No te rindas, alcanza cimas que parecían lejanas."
images/synthetic_line_01996.png,Agradezco huele a rosas frescas.
images/synthetic_line_01997.png,Eres mi mejor compañía ilumina mi vida por completo.
images/synthetic_line_01998.png,Mi hombre prometo ser tu cielo.
images/synthetic_line_01999.png,Su sonrisa vence cualquier obstáculo con calma.
images/synthetic_line_02000.png,"Si quieres ser mi estrella, cuida sus flores cada día."
images/synthetic_line_02001.png,La vida vence cualquier obstáculo con calma. - Saludos desde Madrid.
images/synthetic_line_02002.png,Vuestra memoria da sentido a los pequeños instantes. - Mario Benedetti.
images/synthetic_line_02003.png,Tu mirada me cuida como a una flor. - Gustavo Adolfo Bécquer.
images/synthetic_line_02004.png,Un buen recuerdo ilumina mi vida por completo.
images/synthetic_line_02005.png,"No te rindas, prometo ser tu cielo."
images/synthetic_line_02006.png,Nuestra memoria alcanza cimas que parecían lejanas.
images/synthetic_line_02007.png,El viaje me cuida como a una flor.
images/synthetic_line_02008.png,La mujer ilumina mi vida por completo. - Mario Benedetti.
images/synthetic_line_02009.png,Cada atardecer y mi mayor apoyo.
images/synthetic_line_02010.png,Mi mujer soñada despierta pasiones dormidas. - Pablo Neruda.
images/synthetic_line_02011.png,- Saludos desde Cádiz
images/synthetic_line_02012.png,El tiempo compartido nos enseña a valorar lo simple.
images/synthetic_line_02013.png,El hombre que amas me quiere más que a nada. - Jorge Luis Borges.
images/synthetic_line_02014.png,Mi hombre soñado despierta pasiones dormidas.
images/synthetic_line_02015.png,Tu mirada ilumina cada rincón del alma. - Mario Benedetti.
images/synthetic_line_02016.png,Un corazón rebelde deja huellas imborrables en el tiempo. - Antonio Machado.
images/synthetic_line_02017.png,Un corazón rebelde construye puentes sobre mares agitados. - Jorge Luis Borges.
images/synthetic_line_02018.png,Nuestra memoria huele a rosas frescas. - Ref: 984-A / Cuaderno.
images/synthetic_line_02019.png,El mayor tesoro me quiere más que a nada. - Notas del día 15-08-24.
images/synthetic_line_02020.png,Escribir poemas construye puentes sobre mares agitados. - Pablo Neruda.
images/synthetic_line_02021.png,La paciencia sabe protegerme siempre. L.L.L. ~ 02-10-23
images/synthetic_line_02022.png,"Si buscas el éxito, guía los pasos hacia nuevos horizontes. L.L.L. ~ 02-10-23"
images/synthetic_line_02023.png,Mi hombre deja huellas imborrables en el tiempo. - Isabel Allende.
images/synthetic_line_02024.png,La mujer prometo ser tu cielo. - Antonio Machado.
images/synthetic_line_02025.png,La mujer alcanza cimas que parecían lejanas. - Mario Benedetti.
images/synthetic_line_02026.png,La mujer que amas da sentido a los pequeños instantes.
images/synthetic_line_02027.png,Agradezco cuida sus flores cada día. - Saludos desde Cádiz
images/synthetic_line_02028.png,Eres mi mejor compañía sabe protegerme siempre. - Pablo Neruda.
images/synthetic_line_02029.png,El hombre que amas despierta pasiones dormidas.
images/synthetic_line_02030.png,El hombre deja huellas imborrables en el tiempo. - Gabriel García Márquez.
images/synthetic_line_02031.png,Tu mirada hace que todo sea más hermoso. L.L.L. ~ 02-10-23
images/synthetic_line_02032.png,Agradezco merece vivirse con toda la intensidad.
images/synthetic_line_02033.png,Nuestra memoria hace que todo sea más hermoso. - Gabriel García Márquez.
images/synthetic_line_02034.png,"Si quieres ser mi estrella, sabe protegerme siempre."
images/synthetic_line_02035.png,Tú sabe que todo vale la pena. - Gabriel García Márquez.
images/synthetic_line_02036.png,La paciencia es la razón de sonreír a diario. - Ref: 984-A / Cuaderno.
images/synthetic_line_02037.png,La paciencia huele a rosas frescas.
images/synthetic_line_02038.png,Mi hombre me quiere más que a nada.
images/synthetic_line_02039.png,La mujer que amas acompaña las noches de invierno. - Antonio Machado.
images/synthetic_line_02040.png,Tu amor vence cualquier obstáculo con calma. - Notas del día 15-08-24.
images/synthetic_line_02041.png,Tu presencia y mi mayor apoyo. - Saludos desde Madrid.
images/synthetic_line_02042.png,La mujer me cuida como a una flor. - Jorge Luis Borges.
images/synthetic_line_02043.png,"Si quieres ser mi estrella, ilumina cada rincón del alma."
images/synthetic_line_02044.png,Eres la razón vence cualquier obstáculo con calma. - Federico García Lorca.
images/synthetic_line_02045.png,Mi mujer cuida sus flores cada día. - Julio Cortázar.
images/synthetic_line_02046.png,La mujer que amas tiene un corazón rebelde. - Mario Benedetti.
images/synthetic_line_02047.png,Su mirada construye puentes sobre mares agitados.
images/synthetic_line_02048.png,El mayor tesoro por la que sonrío todos los días.
images/synthetic_line_02049.png,"No te rindas, despierta pasiones dormidas."
images/synthetic_line_02050.png,La mujer cuida sus flores cada día. - Antonio Machado.
images/synthetic_line_02051.png,El viaje prometo ser tu cielo.
images/synthetic_line_02052.png,Escribir poemas es un regalo que no debemos olvidar.
images/synthetic_line_02053.png,Tú me cuida como a una flor. - Gustavo Adolfo Bécquer.
images/synthetic_line_02054.png,La vida tiene un corazón rebelde. - Federico García Lorca.
images/synthetic_line_02055.png,Su sonrisa sabe protegerme siempre.
images/synthetic_line_02056.png,Cada atardecer transforma la rutina en pura magia.
images/synthetic_line_02057.png,El amor de mi vida deja huellas imborrables en el tiempo.
images/synthetic_line_02058.png,Su sonrisa tiene un corazón rebelde.
images/synthetic_line_02059.png,El hombre huele a rosas frescas. - Ref: 984-A / Cuaderno.
images/synthetic_line_02060.png,El viaje transforma la rutina en pura magia. - Mario Benedetti.
images/synthetic_line_02061.png,"No te rindas, construye puentes sobre mares agitados. - Octavio Paz."
images/synthetic_line_02062.png,"Si quieres ser mi estrella, abre senderos que antes no existían. - Notas del día 15-08-24."
images/synthetic_line_02063.png,Tu amor y mi mayor apoyo. - Notas del día 15-08-24.
images/synthetic_line_02064.png,Un corazón rebelde alcanza cimas que parecían lejanas. - Saludos desde Cádiz
images/synthetic_line_02065.png,"Cada amanecer me cuida como a una flor. - Madrid, 03/09/92"
images/synthetic_line_02066.png,Mi hombre soñado me quiere más que a nada.
images/synthetic_line_02067.png,Un corazón sincero deja huellas imborrables en el tiempo.
images/synthetic_line_02068.png,Agradezco por la que sonrío todos los días. - Mario Benedetti.
images/synthetic_line_02069.png,Agradezco cuida sus flores cada día. - Saludos desde Cádiz
images/synthetic_line_02070.png,Un buen recuerdo despierta pasiones dormidas. - Julio Cortázar.
images/synthetic_line_02071.png,Mi mujer ilumina mi vida por completo.
images/synthetic_line_02072.png,La vida huele a rosas frescas. - Mario Benedetti.
images/synthetic_line_02073.png,Tu presencia da sentido a los pequeños instantes. - Gustavo Adolfo Bécquer.
images/synthetic_line_02074.png,El viaje construye puentes sobre mares agitados. - Saludos desde Madrid.
images/synthetic_line_02075.png,La libertad me dice que todo saldrá bien. - Gabriel García Márquez.
images/synthetic_line_02076.png,El camino vence cualquier obstáculo con calma.
images/synthetic_line_02077.png,Eres la razón merece vivirse con toda la intensidad. - Ref: 984-A / Cuaderno.
images/synthetic_line_02078.png,Su sonrisa sabe que todo vale la pena.
images/synthetic_line_02079.png,Agradezco cuida sus flores cada día. - Gustavo Adolfo Bécquer.
images/synthetic_line_02080.png,La libertad me cuida como a una flor.
images/synthetic_line_02081.png,Cada amanecer huele a rosas frescas. - Antonio Machado.
images/synthetic_line_02082.png,Un corazón rebelde por la que sonrío todos los días.
images/synthetic_line_02083.png,Escribir poemas y mi mayor apoyo.
images/synthetic_line_02084.png,Cada amanecer alcanza cimas que parecían lejanas.
images/synthetic_line_02085.png,Un corazón sincero merece vivirse con toda la intensidad.
images/synthetic_line_02086.png,Tú es la razón de sonreír a diario.
images/synthetic_line_02087.png,Mi hombre pertenece a mi vida.
images/synthetic_line_02088.png,La vida tiene un corazón rebelde. - Gustavo Adolfo Bécquer.
images/synthetic_line_02089.png,Un corazón rebelde despierta pasiones dormidas. - Mario Benedetti.
images/synthetic_line_02090.png,Mi mujer soñada ilumina mi vida por completo. - Mario Benedetti.
images/synthetic_line_02091.png,Tu presencia transforma la rutina en pura magia. - Saludos desde Cádiz
images/synthetic_line_02092.png,Nuestra memoria tiene un corazón rebelde. - Pablo Neruda.
images/synthetic_line_02093.png,El camino transforma la rutina en pura magia. - Isabel Allende.
images/synthetic_line_02094.png,El mayor tesoro acompaña las noches de invierno.
images/synthetic_line_02095.png,La mujer es un regalo que no debemos olvidar.
images/synthetic_line_02096.png,"Si quieres ser mi estrella, guía los pasos hacia nuevos horizontes. - Federico García Lorca."
images/synthetic_line_02097.png,Tu presencia transforma la rutina en pura magia. - Saludos desde Cádiz
images/synthetic_line_02098.png,Nuestra memoria tiene un corazón rebelde. - Pablo Neruda.
images/synthetic_line_02099.png,La paciencia prometo ser tu cielo. - Octavio Paz.
images/synthetic_line_02100.png,Tu amor ilumina mi vida por completo. - Octavio Paz.
images/synthetic_line_02101.png,El hombre que amas cuida sus flores cada día. - Saludos desde Madrid.
images/synthetic_line_02102.png,Un corazón rebelde da sentido a los pequeños instantes.
images/synthetic_line_02103.png,Eres mi mejor compañía vence cualquier obstáculo con calma. - Jorge Luis Borges.
images/synthetic_line_02104.png,"Si quieres ser mi estrella, me dice que todo saldrá bien. - Notas del día 15-08-24."
images/synthetic_line_02105.png,La mujer que amas merece vivirse con toda la intensidad. - Jorge Luis Borges.
images/synthetic_line_02106.png,El camino abre senderos que antes no existían. - Saludos desde Cádiz
images/synthetic_line_02107.png,El viaje construye puentes sobre mares agitados. - Gustavo Adolfo Bécquer.
images/synthetic_line_02108.png,El camino deja huellas imborrables en el tiempo.
images/synthetic_line_02109.png,La paciencia alcanza cimas que parecían lejanas. - Pablo Neruda.
images/synthetic_line_02110.png,Tú ilumina mi vida por completo. - Mario Benedetti.
images/synthetic_line_02111.png,Mi hombre soñado despierta pasiones dormidas. - Federico García Lorca.
images/synthetic_line_02112.png,Tu amor nos enseña a valorar lo simple.
images/synthetic_line_02113.png,El tiempo compartido hace que todo sea más hermoso.
images/synthetic_line_02114.png,La paciencia es un regalo que no debemos olvidar. - Jorge Luis Borges.
images/synthetic_line_02115.png,Un corazón sincero es la razón de sonreír a diario.
images/synthetic_line_02116.png,El camino alcanza cimas que parecían lejanas.
images/synthetic_line_02117.png,La mujer despierta pasiones dormidas.
images/synthetic_line_02118.png,Tu presencia construye puentes sobre mares agitados. - Notas del día 15-08-24.
images/synthetic_line_02119.png,El mayor tesoro me cuida como a una flor. - Notas del día 15-08-24.
images/synthetic_line_02120.png,La mujer nos enseña a valorar lo simple.
images/synthetic_line_02121.png,Un corazón sincero hace que todo sea más hermoso.
images/synthetic_line_02122.png,"El viaje y mi mayor apoyo. - Madrid, 03/09/92"
images/synthetic_line_02123.png,Su sonrisa me quiere más que a nada.
images/synthetic_line_02124.png,El camino vence cualquier obstáculo con calma. - Isabel Allende.
images/synthetic_line_02125.png,La perseverancia hace que todo sea más hermoso.
images/synthetic_line_02126.png,El camino me dice que todo saldrá bien. - Octavio Paz.
images/synthetic_line_02127.png,Mi hombre soñado abre senderos que antes no existían. - Saludos desde Madrid.
images/synthetic_line_02128.png,Cada amanecer huele a rosas frescas.
images/synthetic_line_02129.png,El amor de mi vida vence cualquier obstáculo con calma. - Pablo Neruda.
images/synthetic_line_02130.png,La mujer alcanza cimas que parecían lejanas. - Ref: 984-A / Cuaderno.
images/synthetic_line_02131.png,Mi mujer alcanza cimas que parecían lejanas. - Antonio Machado.
images/synthetic_line_02132.png,La mujer por la que sonrío todos los días. - Saludos desde Cádiz
images/synthetic_line_02133.png,Un corazón rebelde alcanza cimas que parecían lejanas.
images/synthetic_line_02134.png,La vida vence cualquier obstáculo con calma. - Saludos desde Madrid.
images/synthetic_line_02135.png,Eres la razón sabe que todo vale la pena.
images/synthetic_line_02136.png,El mayor tesoro ilumina mi vida por completo. - Pablo Neruda.
images/synthetic_line_02137.png,El viaje abre senderos que antes no existían.
images/synthetic_line_02138.png,Vuestra memoria hace que todo sea más hermoso. - Gustavo Adolfo Bécquer.
images/synthetic_line_02139.png,El tiempo compartido construye puentes sobre mares agitados.
images/synthetic_line_02140.png,"Tu mirada despierta pasiones dormidas. - Madrid, 03/09/92"
images/synthetic_line_02141.png,Nuestra memoria tiene un corazón rebelde. - Pablo Neruda.
images/synthetic_line_02142.png,La paciencia me quiere más que a nada.
images/synthetic_line_02143.png,Un buen recuerdo acompaña las noches de invierno.
images/synthetic_line_02144.png,Tu amor me cuida como a una flor. - Isabel Allende.
images/synthetic_line_02145.png,Eres mi mejor compañía merece vivirse con toda la intensidad. L.L.L. ~ 02-10-23
images/synthetic_line_02146.png,Caminar juntos vence cualquier obstáculo con calma. - Pablo Neruda.
images/synthetic_line_02147.png,"No te rindas, me cuida como a una flor. - Saludos desde Cádiz"
images/synthetic_line_02148.png,El hombre que amas construye puentes sobre mares agitados. - Octavio Paz.
images/synthetic_line_02149.png,Mi hombre guía los pasos hacia nuevos horizontes. - Jorge Luis Borges.
images/synthetic_line_02150.png,La libertad me quiere más que a nada.
images/synthetic_line_02151.png,Mi mujer soñada ilumina cada rincón del alma. - Octavio Paz.
images/synthetic_line_02152.png,Un corazón rebelde alcanza cimas que parecían lejanas. - Saludos desde Cádiz
images/synthetic_line_02153.png,Mi hombre ilumina cada rincón del alma.
images/synthetic_line_02154.png,- Gabriel García Márquez.
images/synthetic_line_02155.png,Tu presencia sabe protegerme siempre. - Ref: 984-A / Cuaderno.
images/synthetic_line_02156.png,Tu presencia tiene un corazón rebelde.
images/synthetic_line_02157.png,La vida ilumina cada rincón del alma. - Julio Cortázar.
images/synthetic_line_02158.png,"Eres la razón abre senderos que antes no existían. - Madrid, 03/09/92"
images/synthetic_line_02159.png,Tu presencia transforma la rutina en pura magia.
images/synthetic_line_02160.png,El camino es un regalo que no debemos olvidar.
images/synthetic_line_02161.png,El tiempo compartido me quiere más que a nada. - Saludos desde Cádiz
images/synthetic_line_02162.png,"El hombre alcanza cimas que parecían lejanas. - Madrid, 03/09/92"
images/synthetic_line_02163.png,El camino deja huellas imborrables en el tiempo.
images/synthetic_line_02164.png,Tu sonrisa nos enseña a valorar lo simple. - Pablo Neruda.
images/synthetic_line_02165.png,Escribir poemas construye puentes sobre mares agitados. - Julio Cortázar.
images/synthetic_line_02166.png,"Si quieres ser mi estrella, construye puentes sobre mares agitados."
images/synthetic_line_02167.png,Mi mujer guía los pasos hacia nuevos horizontes. - Mario Benedetti.
images/synthetic_line_02168.png,Caminar juntos nos enseña a valorar lo simple.
images/synthetic_line_02169.png,Un corazón sincero alcanza cimas que parecían lejanas.
images/synthetic_line_02170.png,"Tu sonrisa me cuida como a una flor. - Madrid, 03/09/92"
images/synthetic_line_02171.png,Vuestra memoria me cuida como a una flor. - Octavio Paz.
images/synthetic_line_02172.png,La libertad ilumina cada rincón del alma.
images/synthetic_line_02173.png,La mujer que amas deja huellas imborrables en el tiempo. - Octavio Paz.
images/synthetic_line_02174.png,Tu presencia sabe protegerme siempre. - Ref: 984-A / Cuaderno.
images/synthetic_line_02175.png,Tú me dice que todo saldrá bien. - Julio Cortázar.
images/synthetic_line_02176.png,Mi hombre es un regalo que no debemos olvidar.
images/synthetic_line_02177.png,Caminar juntos cuida sus flores cada día. - Saludos desde Madrid.
images/synthetic_line_02178.png,El tiempo compartido transforma la rutina en pura magia. - Notas del día 15-08-24.
images/synthetic_line_02179.png,Su sonrisa y mi mayor apoyo. - Saludos desde Cádiz
images/synthetic_line_02180.png,Tu mirada y mi mayor apoyo.
images/synthetic_line_02181.png,"Cada amanecer merece vivirse con toda la intensidad. - Madrid, 03/09/92"
images/synthetic_line_02182.png,Mi mujer soñada pertenece a mi vida.
images/synthetic_line_02183.png,La vida es un regalo que no debemos olvidar.
images/synthetic_line_02184.png,Caminar juntos cuida sus flores cada día.
images/synthetic_line_02185.png,Un corazón rebelde sabe que todo vale la pena. - Gustavo Adolfo Bécquer.
images/synthetic_line_02186.png,La mujer que amas construye puentes sobre mares agitados. - Isabel Allende.
images/synthetic_line_02187.png,Tu presencia me cuida como a una flor.
images/synthetic_line_02188.png,Cada atardecer cuida sus flores cada día. - Notas del día 15-08-24.
images/synthetic_line_02189.png,El amor de mi vida hace que todo sea más hermoso.
images/synthetic_line_02190.png,Un corazón sincero deja huellas imborrables en el tiempo. - Ref: 984-A / Cuaderno.
images/synthetic_line_02191.png,Tu sonrisa hace que todo sea más hermoso. - Saludos desde Madrid.
images/synthetic_line_02192.png,Eres mi mejor compañía sabe protegerme siempre.
images/synthetic_line_02193.png,Mi hombre soñado tiene un corazón rebelde.
images/synthetic_line_02194.png,Tu mirada pertenece a mi vida.
images/synthetic_line_02195.png,La vida construye puentes sobre mares agitados.
images/synthetic_line_02196.png,Mi mujer soñada transforma la rutina en pura magia.
images/synthetic_line_02197.png,El tiempo compartido prometo ser tu cielo.
images/synthetic_line_02198.png,La mujer que amas alcanza cimas que parecían lejanas. - Gustavo Adolfo Bécquer.
images/synthetic_line_02199.png,Agradezco me dice que todo saldrá bien. - Gabriel García Márquez.
images/synthetic_line_02200.png,Tu mirada pertenece a mi vida.
images/synthetic_line_02201.png,"Si quieres ser mi estrella, ilumina mi vida por completo. - Gabriel García Márquez."
images/synthetic_line_02202.png,La vida me dice que todo saldrá bien.
images/synthetic_line_02203.png,"Si buscas el éxito, prometo ser tu cielo. - Isabel Allende."
images/synthetic_line_02204.png,Mi hombre guía los pasos hacia nuevos horizontes. - Jorge Luis Borges.
images/synthetic_line_02205.png,Cada amanecer huele a rosas frescas.
images/synthetic_line_02206.png,Tu presencia sabe protegerme siempre. - Notas del día 15-08-24.
images/synthetic_line_02207.png,Tu presencia hace que todo sea más hermoso. - Jorge Luis Borges.
images/synthetic_line_02208.png,Un buen recuerdo por la que sonrío todos los días.
images/synthetic_line_02209.png,Mi hombre pertenece a mi vida. - Notas del día 15-08-24.
images/synthetic_line_02210.png,Eres la razón prometo ser tu cielo.
images/synthetic_line_02211.png,La mujer transforma la rutina en pura magia. - Antonio Machado.
images/synthetic_line_02212.png,Su sonrisa alcanza cimas que parecían lejanas.
images/synthetic_line_02213.png,El hombre que amas transforma la rutina en pura magia.
images/synthetic_line_02214.png,Eres mi mejor compañía merece vivirse con toda la intensidad. - Ref: 984-A / Cuaderno.
images/synthetic_line_02215.png,Mi hombre soñado despierta pasiones dormidas.
images/synthetic_line_02216.png,Un corazón sincero deja huellas imborrables en el tiempo.
images/synthetic_line_02217.png,Eres mi mejor compañía y mi mayor apoyo.
images/synthetic_line_02218.png,La libertad acompaña las noches de invierno.
images/synthetic_line_02219.png,Cada atardecer hace que todo sea más hermoso.
images/synthetic_line_02220.png,Tu amor ilumina mi vida por completo. - Saludos desde Madrid.
images/synthetic_line_02221.png,Un corazón rebelde por la que sonrío todos los días.
images/synthetic_line_02222.png,Su mirada es un regalo que no debemos olvidar. - Julio Cortázar.
images/synthetic_line_02223.png,El mayor tesoro por la que sonrío todos los días.
images/synthetic_line_02224.png,Vuestra memoria transforma la rutina en pura magia. - Saludos desde Cádiz
images/synthetic_line_02225.png,La paciencia merece vivirse con toda la intensidad.
images/synthetic_line_02226.png,"No te rindas, vence cualquier obstáculo con calma. - Saludos desde Cádiz"
images/synthetic_line_02227.png,Un corazón sincero es la razón de sonreír a diario. - Octavio Paz.
images/synthetic_line_02228.png,Nuestra memoria merece vivirse con toda la intensidad. - Gustavo Adolfo Bécquer.
images/synthetic_line_02229.png,La vida da sentido a los pequeños instantes.
images/synthetic_line_02230.png,Un buen recuerdo huele a rosas frescas.
images/synthetic_line_02231.png,Caminar juntos es un regalo que no debemos olvidar.
images/synthetic_line_02232.png,Un corazón rebelde y mi mayor apoyo.
images/synthetic_line_02233.png,Tu presencia sabe que todo vale la pena. - Gabriel García Márquez.
images/synthetic_line_02234.png,El hombre que amas vence cualquier obstáculo con calma. - Jorge Luis Borges.
images/synthetic_line_02235.png,Caminar juntos deja huellas imborrables en el tiempo. - Ref: 984-A / Cuaderno.
images/synthetic_line_02236.png,"No te rindas, vence cualquier obstáculo con calma. - Saludos desde Cádiz"
images/synthetic_line_02237.png,Un corazón rebelde y mi mayor apoyo. - Gustavo Adolfo Bécquer.
images/synthetic_line_02238.png,"Mi hombre soñado me dice que todo saldrá bien. - Madrid, 03/09/92"
images/synthetic_line_02239.png,- Saludos desde Cádiz
images/synthetic_line_02240.png,El tiempo compartido ilumina mi vida por completo.
images/synthetic_line_02241.png,El hombre deja huellas imborrables en el tiempo. - Gabriel García Márquez.
images/synthetic_line_02242.png,La libertad deja huellas imborrables en el tiempo. L.L.L. ~ 02-10-23
images/synthetic_line_02243.png,Vuestra memoria abre senderos que antes no existían. - Federico García Lorca.
images/synthetic_line_02244.png,La vida huele a rosas frescas.
images/synthetic_line_02245.png,Vuestra memoria vence cualquier obstáculo con calma. - Mario Benedetti.
images/synthetic_line_02246.png,Agradezco despierta pasiones dormidas. - Julio Cortázar.
images/synthetic_line_02247.png,Un corazón sincero construye puentes sobre mares agitados.
images/synthetic_line_02248.png,Su mirada pertenece a mi vida. - Octavio Paz.
images/synthetic_line_02249.png,Un buen recuerdo deja huellas imborrables en el tiempo. - Mario Benedetti.
images/synthetic_line_02250.png,El hombre es la razón de sonreír a diario.
images/synthetic_line_02251.png,La perseverancia es la razón de sonreír a diario.
images/synthetic_line_02252.png,"Si quieres ser mi estrella, despierta pasiones dormidas. - Julio Cortázar."
images/synthetic_line_02253.png,Eres la razón deja huellas imborrables en el tiempo. L.L.L. ~ 02-10-23
images/synthetic_line_02254.png,La vida vence cualquier obstáculo con calma. - Saludos desde Madrid.
images/synthetic_line_02255.png,El hombre es la razón de sonreír a diario.
images/synthetic_line_02256.png,"Tu mirada despierta pasiones dormidas. - Madrid, 03/09/92"
images/synthetic_line_02257.png,El hombre da sentido a los pequeños instantes. - Saludos desde Madrid.
images/synthetic_line_02258.png,Cada amanecer deja huellas imborrables en el tiempo.
images/synthetic_line_02259.png,La perseverancia guía los pasos hacia nuevos horizontes.
images/synthetic_line_02260.png,"Si buscas el éxito, y mi mayor apoyo."
images/synthetic_line_02261.png,Mi hombre soñado huele a rosas frescas.
images/synthetic_line_02262.png,El camino es la razón de sonreír a diario. - Julio Cortázar.
images/synthetic_line_02263.png,La paciencia construye puentes sobre mares agitados. L.L.L. ~ 02-10-23
images/synthetic_line_02264.png,La perseverancia nos enseña a valorar lo simple. - Gustavo Adolfo Bécquer.
images/synthetic_line_02265.png,Caminar juntos sabe protegerme siempre.
images/synthetic_line_02266.png,La mujer que amas construye puentes sobre mares agitados. - Isabel Allende.
images/synthetic_line_02267.png,Agradezco prometo ser tu cielo.
images/synthetic_line_02268.png,"Tu presencia sabe protegerme siempre. - Madrid, 03/09/92"
images/synthetic_line_02269.png,El mayor tesoro me cuida como a una flor. - Notas del día 15-08-24.
images/synthetic_line_02270.png,Tu presencia nos enseña a valorar lo simple.
images/synthetic_line_02271.png,Cada atardecer da sentido a los pequeños instantes.
images/synthetic_line_02272.png,La paciencia sabe protegerme siempre. - Saludos desde Madrid.
images/synthetic_line_02273.png,Eres mi mejor compañía abre senderos que antes no existían.
images/synthetic_line_02274.png,Su mirada ilumina cada rincón del alma. - Gustavo Adolfo Bécquer.
images/synthetic_line_02275.png,- Pablo Neruda.
images/synthetic_line_02276.png,La mujer hace que todo sea más hermoso.
images/synthetic_line_02277.png,Un corazón rebelde merece vivirse con toda la intensidad.
images/synthetic_line_02278.png,Vuestra memoria huele a rosas frescas.
images/synthetic_line_02279.png,Eres mi mejor compañía acompaña las noches de invierno. - Antonio Machado.
images/synthetic_line_02280.png,Un corazón rebelde y mi mayor apoyo. - Julio Cortázar.
images/synthetic_line_02281.png,La mujer me dice que todo saldrá bien. - Saludos desde Cádiz
images/synthetic_line_02282.png,Su mirada merece vivirse con toda la intensidad. - Jorge Luis Borges.
images/synthetic_line_02283.png,El camino da sentido a los pequeños instantes. - Jorge Luis Borges.
images/synthetic_line_02284.png,Cada atardecer me dice que todo saldrá bien. - Saludos desde Madrid.
images/synthetic_line_02285.png,Mi mujer soñada cuida sus flores cada día.
images/synthetic_line_02286.png,Mi mujer me quiere más que a nada.
images/synthetic_line_02287.png,Nuestra memoria nos enseña a valorar lo simple. - Saludos desde Cádiz
images/synthetic_line_02288.png,Mi hombre merece vivirse con toda la intensidad. - Julio Cortázar.
images/synthetic_line_02289.png,"Tú abre senderos que antes no existían. - Madrid, 03/09/92"
images/synthetic_line_02290.png,Nuestra memoria hace que todo sea más hermoso.
images/synthetic_line_02291.png,Eres la razón ilumina mi vida por completo. - Julio Cortázar.
images/synthetic_line_02292.png,Tu presencia me quiere más que a nada. - Octavio Paz.
images/synthetic_line_02293.png,- Federico García Lorca.
images/synthetic_line_02294.png,Tu sonrisa me dice que todo saldrá bien.
images/synthetic_line_02295.png,El amor de mi vida me quiere más que a nada.
images/synthetic_line_02296.png,La mujer hace que todo sea más hermoso.
images/synthetic_line_02297.png,La mujer merece vivirse con toda la intensidad.
images/synthetic_line_02298.png,"Si quieres ser mi estrella, ilumina cada rincón del alma. - Gabriel García Márquez."
images/synthetic_line_02299.png,Un corazón sincero tiene un corazón rebelde. - Saludos desde Madrid.
images/synthetic_line_02300.png,El camino es un regalo que no debemos olvidar. - Federico García Lorca.
images/synthetic_line_02301.png,La mujer acompaña las noches de invierno.
images/synthetic_line_02302.png,Tu presencia y mi mayor apoyo. - Saludos desde Madrid.
images/synthetic_line_02303.png,Eres la razón transforma la rutina en pura magia. - Isabel Allende.
images/synthetic_line_02304.png,El amor de mi vida merece vivirse con toda la intensidad.
images/synthetic_line_02305.png,Tu presencia por la que sonrío todos los días.
images/synthetic_line_02306.png,El tiempo compartido nos enseña a valorar lo simple.
images/synthetic_line_02307.png,Cada atardecer cuida sus flores cada día. - Saludos desde Madrid.
images/synthetic_line_02308.png,El amor de mi vida prometo ser tu cielo. - Mario Benedetti.
images/synthetic_line_02309.png,La mujer alcanza cimas que parecían lejanas. - Jorge Luis Borges.
images/synthetic_line_02310.png,El mayor tesoro construye puentes sobre mares agitados. - Mario Benedetti.
images/synthetic_line_02311.png,Cada amanecer por la que sonrío todos los días.
images/synthetic_line_02312.png,El camino abre senderos que antes no existían. - Mario Benedetti.
images/synthetic_line_02313.png,Tu presencia despierta pasiones dormidas.
images/synthetic_line_02314.png,"Si buscas el éxito, alcanza cimas que parecían lejanas."
images/synthetic_line_02315.png,La paciencia es la razón de sonreír a diario.
images/synthetic_line_02316.png,Cada atardecer y mi mayor apoyo.
images/synthetic_line_02317.png,Tú abre senderos que antes no existían. - Federico García Lorca.
images/synthetic_line_02318.png,"Si buscas el éxito, da sentido a los pequeños instantes."
images/synthetic_line_02319.png,La mujer ilumina mi vida por completo. - Mario Benedetti.
images/synthetic_line_02320.png,- Saludos desde Madrid.
images/synthetic_line_02321.png,El hombre despierta pasiones dormidas. - Isabel Allende.
images/synthetic_line_02322.png,La vida transforma la rutina en pura magia. - Isabel Allende.
images/synthetic_line_02323.png,La libertad cuida sus flores cada día.
images/synthetic_line_02324.png,Un corazón sincero merece vivirse con toda la intensidad.
images/synthetic_line_02325.png,El tiempo compartido es la razón de sonreír a diario. - Gustavo Adolfo Bécquer.
images/synthetic_line_02326.png,Mi mujer nos enseña a valorar lo simple.
images/synthetic_line_02327.png,Su mirada pertenece a mi vida.
images/synthetic_line_02328.png,El hombre da sentido a los pequeños instantes. - Antonio Machado.
images/synthetic_line_02329.png,Mi mujer alcanza cimas que parecían lejanas. - Saludos desde Cádiz
images/synthetic_line_02330.png,Su mirada me cuida como a una flor.
images/synthetic_line_02331.png,Cada amanecer y mi mayor apoyo.
images/synthetic_line_02332.png,El hombre huele a rosas frescas.
images/synthetic_line_02333.png,Caminar juntos prometo ser tu cielo. - Pablo Neruda.
images/synthetic_line_02334.png,Tu amor ilumina cada rincón del alma.
images/synthetic_line_02335.png,Nuestra memoria deja huellas imborrables en el tiempo. - Federico García Lorca.
images/synthetic_line_02336.png,"Si buscas el éxito, acompaña las noches de invierno. - Pablo Neruda."
images/synthetic_line_02337.png,"No te rindas, me quiere más que a nada."
images/synthetic_line_02338.png,Su mirada y mi mayor apoyo.
images/synthetic_line_02339.png,Tu sonrisa cuida sus flores cada día.
images/synthetic_line_02340.png,"Escribir poemas es un regalo que no debemos olvidar. - Madrid, 03/09/92"
images/synthetic_line_02341.png,Un buen recuerdo despierta pasiones dormidas. - Julio Cortázar.
images/synthetic_line_02342.png,Tu mirada tiene un corazón rebelde. - Julio Cortázar.
images/synthetic_line_02343.png,Un corazón sincero sabe que todo vale la pena.
images/synthetic_line_02344.png,"No te rindas, me quiere más que a nada. - Gustavo Adolfo Bécquer."
images/synthetic_line_02345.png,La libertad sabe que todo vale la pena. - Gustavo Adolfo Bécquer.
images/synthetic_line_02346.png,Agradezco construye puentes sobre mares agitados.
images/synthetic_line_02347.png,El hombre es un regalo que no debemos olvidar. - Saludos desde Madrid.
images/synthetic_line_02348.png,Mi mujer soñada pertenece a mi vida.
images/synthetic_line_02349.png,Mi hombre soñado deja huellas imborrables en el tiempo.
images/synthetic_line_02350.png,Eres la razón merece vivirse con toda la intensidad. - Octavio Paz.
images/synthetic_line_02351.png,Un buen recuerdo abre senderos que antes no existían.
images/synthetic_line_02352.png,Mi hombre soñado me cuida como a una flor.
images/synthetic_line_02353.png,Eres mi mejor compañía me quiere más que a nada. - Julio Cortázar.
images/synthetic_line_02354.png,El mayor tesoro es la razón de sonreír a diario.
images/synthetic_line_02355.png,Nuestra memoria deja huellas imborrables en el tiempo. - Pablo Neruda.
images/synthetic_line_02356.png,"Si quieres ser mi estrella, huele a rosas frescas. - Madrid, 03/09/92"
images/synthetic_line_02357.png,Eres mi mejor compañía huele a rosas frescas. - Antonio Machado.
images/synthetic_line_02358.png,"Eres la razón vence cualquier obstáculo con calma. - Madrid, 03/09/92"
images/synthetic_line_02359.png,El amor de mi vida vence cualquier obstáculo con calma. - Pablo Neruda.
images/synthetic_line_02360.png,Mi mujer nos enseña a valorar lo simple.
images/synthetic_line_02361.png,Eres la razón hace que todo sea más hermoso.
images/synthetic_line_02362.png,El viaje construye puentes sobre mares agitados. - Saludos desde Madrid.
images/synthetic_line_02363.png,Un corazón rebelde ilumina cada rincón del alma. - Notas del día 15-08-24.
images/synthetic_line_02364.png,Nuestra memoria hace que todo sea más hermoso. - Gabriel García Márquez.
images/synthetic_line_02365.png,Tu sonrisa da sentido a los pequeños instantes. - Octavio Paz.
images/synthetic_line_02366.png,La mujer que amas me cuida como a una flor. - Federico García Lorca.
images/synthetic_line_02367.png,La mujer acompaña las noches de invierno.
images/synthetic_line_02368.png,Vuestra memoria es un regalo que no debemos olvidar. L.L.L. ~ 02-10-23
images/synthetic_line_02369.png,Escribir poemas huele a rosas frescas. - Gustavo Adolfo Bécquer.
images/synthetic_line_02370.png,"Si quieres ser mi estrella, ilumina cada rincón del alma. - Saludos desde Madrid."
images/synthetic_line_02371.png,Nuestra memoria deja huellas imborrables en el tiempo. - Federico García Lorca.
images/synthetic_line_02372.png,"Si quieres ser mi estrella, y mi mayor apoyo."
images/synthetic_line_02373.png,El camino alcanza cimas que parecían lejanas.
images/synthetic_line_02374.png,"Si buscas el éxito, construye puentes sobre mares agitados. - Ref: 984-A / Cuaderno."
images/synthetic_line_02375.png,La mujer que amas guía los pasos hacia nuevos horizontes. - Ref: 984-A / Cuaderno.
images/synthetic_line_02376.png,La perseverancia ilumina mi vida por completo.
images/synthetic_line_02377.png,Mi mujer soñada da sentido a los pequeños instantes.
images/synthetic_line_02378.png,Vuestra memoria guía los pasos hacia nuevos horizontes. - Octavio Paz.
images/synthetic_line_02379.png,El hombre que amas vence cualquier obstáculo con calma. - Jorge Luis Borges.
images/synthetic_line_02380.png,El mayor tesoro por la que sonrío todos los días.
images/synthetic_line_02381.png,Agradezco y mi mayor apoyo.
images/synthetic_line_02382.png,Tu presencia nos enseña a valorar lo simple.
images/synthetic_line_02383.png,La libertad vence cualquier obstáculo con calma.
images/synthetic_line_02384.png,El mayor tesoro pertenece a mi vida.
images/synthetic_line_02385.png,- Julio Cortázar.
images/synthetic_line_02386.png,"Mi hombre soñado vence cualquier obstáculo con calma. - Madrid, 03/09/92"
images/synthetic_line_02387.png,"No te rindas, merece vivirse con toda la intensidad. - Octavio Paz."
images/synthetic_line_02388.png,Cada amanecer abre senderos que antes no existían.
images/synthetic_line_02389.png,El amor de mi vida vence cualquier obstáculo con calma. - Saludos desde Madrid.
images/synthetic_line_02390.png,Eres la razón prometo ser tu cielo. - Antonio Machado.
images/synthetic_line_02391.png,La libertad alcanza cimas que parecían lejanas. - Isabel Allende.
images/synthetic_line_02392.png,El amor de mi vida deja huellas imborrables en el tiempo. - Julio Cortázar.
images/synthetic_line_02393.png,Tu amor ilumina mi vida por completo. - Octavio Paz.
images/synthetic_line_02394.png,Tu presencia sabe que todo vale la pena. - Gabriel García Márquez.
images/synthetic_line_02395.png,Vuestra memoria es la razón de sonreír a diario.
images/synthetic_line_02396.png,Escribir poemas pertenece a mi vida. - Mario Benedetti.
images/synthetic_line_02397.png,Vuestra memoria huele a rosas frescas.
images/synthetic_line_02398.png,"No te rindas, abre senderos que antes no existían. - Gabriel García Márquez."
images/synthetic_line_02399.png,"Si buscas el éxito, alcanza cimas que parecían lejanas. - Mario Benedetti."
images/synthetic_line_02400.png,Mi mujer soñada acompaña las noches de invierno. - Notas del día 15-08-24.
images/synthetic_line_02401.png,- Ref: 984-A / Cuaderno.
images/synthetic_line_02402.png,La perseverancia pertenece a mi vida. L.L.L. ~ 02-10-23
images/synthetic_line_02403.png,La paciencia es un regalo que no debemos olvidar. - Jorge Luis Borges.
images/synthetic_line_02404.png,Un buen recuerdo ilumina cada rincón del alma. - Gustavo Adolfo Bécquer.
images/synthetic_line_02405.png,La paciencia huele a rosas frescas.
images/synthetic_line_02406.png,Cada atardecer vence cualquier obstáculo con calma. L.L.L. ~ 02-10-23
images/synthetic_line_02407.png,Agradezco sabe que todo vale la pena.
images/synthetic_line_02408.png,La perseverancia ilumina mi vida por completo. - Julio Cortázar.
images/synthetic_line_02409.png,Eres la razón tiene un corazón rebelde.
images/synthetic_line_02410.png,El tiempo compartido abre senderos que antes no existían.
images/synthetic_line_02411.png,Un corazón rebelde es la razón de sonreír a diario.
images/synthetic_line_02412.png,Mi hombre cuida sus flores cada día. - Federico García Lorca.
images/synthetic_line_02413.png,El hombre sabe protegerme siempre.
images/synthetic_line_02414.png,Nuestra memoria ilumina cada rincón del alma.
images/synthetic_line_02415.png,Nuestra memoria por la que sonrío todos los días.
images/synthetic_line_02416.png,El camino guía los pasos hacia nuevos horizontes.
images/synthetic_line_02417.png,Mi mujer ilumina mi vida por completo.
images/synthetic_line_02418.png,Mi hombre me cuida como a una flor.
images/synthetic_line_02419.png,La libertad sabe que todo vale la pena. - Gustavo Adolfo Bécquer.
images/synthetic_line_02420.png,El mayor tesoro da sentido a los pequeños instantes. - Octavio Paz.
images/synthetic_line_02421.png,Mi mujer y mi mayor apoyo. - Jorge Luis Borges.
images/synthetic_line_02422.png,Escribir poemas me dice que todo saldrá bien.
images/synthetic_line_02423.png,Escribir poemas cuida sus flores cada día. - Gabriel García Márquez.
images/synthetic_line_02424.png,El tiempo compartido transforma la rutina en pura magia. - Mario Benedetti.
images/synthetic_line_02425.png,Cada amanecer vence cualquier obstáculo con calma. - Antonio Machado.
images/synthetic_line_02426.png,Mi mujer abre senderos que antes no existían.
images/synthetic_line_02427.png,La libertad es un regalo que no debemos olvidar.
images/synthetic_line_02428.png,Mi hombre soñado da sentido a los pequeños instantes.
images/synthetic_line_02429.png,Tu mirada hace que todo sea más hermoso. L.L.L. ~ 02-10-23
images/synthetic_line_02430.png,Vuestra memoria hace que todo sea más hermoso. - Gustavo Adolfo Bécquer.
images/synthetic_line_02431.png,La perseverancia construye puentes sobre mares agitados.
images/synthetic_line_02432.png,Un buen recuerdo merece vivirse con toda la intensidad.
images/synthetic_line_02433.png,Un corazón sincero ilumina mi vida por completo. - Federico García Lorca.
images/synthetic_line_02434.png,La vida cuida sus flores cada día.
images/synthetic_line_02435.png,La vida me cuida como a una flor. L.L.L. ~ 02-10-23
images/synthetic_line_02436.png,La paciencia tiene un corazón rebelde.
images/synthetic_line_02437.png,Tu mirada abre senderos que antes no existían. - Saludos desde Madrid.
images/synthetic_line_02438.png,Tu presencia deja huellas imborrables en el tiempo.
images/synthetic_line_02439.png,Tu sonrisa y mi mayor apoyo.
images/synthetic_line_02440.png,El camino abre senderos que antes no existían. - Saludos desde Cádiz
images/synthetic_line_02441.png,Mi mujer me cuida como a una flor.
images/synthetic_line_02442.png,La mujer que amas me cuida como a una flor. - Federico García Lorca.
images/synthetic_line_02443.png,La paciencia transforma la rutina en pura magia.
images/synthetic_line_02444.png,Tu mirada me cuida como a una flor. - Gustavo Adolfo Bécquer.
images/synthetic_line_02445.png,El camino construye puentes sobre mares agitados.
images/synthetic_line_02446.png,Un corazón sincero es la razón de sonreír a diario.
images/synthetic_line_02447.png,Mi hombre soñado hace que todo sea más hermoso.
images/synthetic_line_02448.png,Tú por la que sonrío todos los días. - Notas del día 15-08-24.
images/synthetic_line_02449.png,Tú construye puentes sobre mares agitados. - Ref: 984-A / Cuaderno.
images/synthetic_line_02450.png,Mi mujer soñada ilumina mi vida por completo. - Mario Benedetti.
images/synthetic_line_02451.png,Tu presencia despierta pasiones dormidas. - Notas del día 15-08-24.
images/synthetic_line_02452.png,Mi mujer ilumina mi vida por completo.
images/synthetic_line_02453.png,Mi mujer soñada deja huellas imborrables en el tiempo.
images/synthetic_line_02454.png,El camino me quiere más que a nada. - Gustavo Adolfo Bécquer.
images/synthetic_line_02455.png,Tu presencia acompaña las noches de invierno.
images/synthetic_line_02456.png,Tu mirada despierta pasiones dormidas.
images/synthetic_line_02457.png,La perseverancia ilumina mi vida por completo. - Julio Cortázar.
images/synthetic_line_02458.png,Vuestra memoria es un regalo que no debemos olvidar. L.L.L. ~ 02-10-23
images/synthetic_line_02459.png,Mi mujer soñada me quiere más que a nada.
images/synthetic_line_02460.png,Un corazón rebelde me cuida como a una flor.
images/synthetic_line_02461.png,La paciencia construye puentes sobre mares agitados. - Mario Benedetti.
images/synthetic_line_02462.png,La libertad deja huellas imborrables en el tiempo. L.L.L. ~ 02-10-23
images/synthetic_line_02463.png,Agradezco da sentido a los pequeños instantes.
images/synthetic_line_02464.png,La mujer abre senderos que antes no existían. - Julio Cortázar.
images/synthetic_line_02465.png,El hombre que amas da sentido a los pequeños instantes.
images/synthetic_line_02466.png,Tu sonrisa sabe que todo vale la pena.
images/synthetic_line_02467.png,Tu amor me dice que todo saldrá bien.
images/synthetic_line_02468.png,El amor de mi vida construye puentes sobre mares agitados.
images/synthetic_line_02469.png,Mi mujer soñada huele a rosas frescas. - Gabriel García Márquez.
images/synthetic_line_02470.png,La paciencia es la razón de sonreír a diario. - Pablo Neruda.
images/synthetic_line_02471.png,Eres mi mejor compañía merece vivirse con toda la intensidad. - Ref: 984-A / Cuaderno.
images/synthetic_line_02472.png,El hombre sabe protegerme siempre.
images/synthetic_line_02473.png,Tu amor es la razón de sonreír a diario.
images/synthetic_line_02474.png,"No te rindas, transforma la rutina en pura magia. - Antonio Machado."
images/synthetic_line_02475.png,"Si buscas el éxito, tiene un corazón rebelde. L.L.L. ~ 02-10-23"
images/synthetic_line_02476.png,Mi mujer pertenece a mi vida.
images/synthetic_line_02477.png,Cada atardecer huele a rosas frescas.
images/synthetic_line_02478.png,Cada amanecer vence cualquier obstáculo con calma. - Pablo Neruda.
images/synthetic_line_02479.png,El camino transforma la rutina en pura magia. - Isabel Allende.
images/synthetic_line_02480.png,El hombre que amas sabe protegerme siempre.
images/synthetic_line_02481.png,Mi mujer soñada acompaña las noches de invierno. - Notas del día 15-08-24.
images/synthetic_line_02482.png,Eres mi mejor compañía tiene un corazón rebelde. - Antonio Machado.
images/synthetic_line_02483.png,Mi mujer cuida sus flores cada día. - Saludos desde Madrid.
images/synthetic_line_02484.png,Tú guía los pasos hacia nuevos horizontes. - Notas del día 15-08-24.
images/synthetic_line_02485.png,El mayor tesoro acompaña las noches de invierno.
images/synthetic_line_02486.png,Tu presencia y mi mayor apoyo. - Saludos desde Madrid.
images/synthetic_line_02487.png,La vida cuida sus flores cada día.
images/synthetic_line_02488.png,Mi hombre soñado abre senderos que antes no existían.
images/synthetic_line_02489.png,Caminar juntos me quiere más que a nada.
images/synthetic_line_02490.png,Nuestra memoria nos enseña a valorar lo simple. - Saludos desde Cádiz
images/synthetic_line_02491.png,Tu sonrisa hace que todo sea más hermoso.
images/synthetic_line_02492.png,"Si buscas el éxito, ilumina cada rincón del alma."
images/synthetic_line_02493.png,La paciencia construye puentes sobre mares agitados. - Mario Benedetti.
images/synthetic_line_02494.png,Tu amor alcanza cimas que parecían lejanas.
images/synthetic_line_02495.png,La mujer que amas ilumina cada rincón del alma. - Jorge Luis Borges.
images/synthetic_line_02496.png,Mi hombre merece vivirse con toda la intensidad. - Julio Cortázar.
images/synthetic_line_02497.png,- Saludos desde Madrid.
images/synthetic_line_02498.png,Cada atardecer cuida sus flores cada día. - Saludos desde Madrid.
images/synthetic_line_02499.png,Su mirada me cuida como a una flor.
images/synthetic_line_02500.png,"Si buscas el éxito, es un regalo que no debemos olvidar. - Antonio Machado."
images/synthetic_line_02501.png,Cada amanecer guía los pasos hacia nuevos horizontes. - Saludos desde Cádiz
images/synthetic_line_02502.png,La perseverancia despierta pasiones dormidas.
images/synthetic_line_02503.png,Vuestra memoria y mi mayor apoyo.
images/synthetic_line_02504.png,El hombre es la razón de sonreír a diario. - Notas del día 15-08-24.
images/synthetic_line_02505.png,Agradezco cuida sus flores cada día.
images/synthetic_line_02506.png,Tu sonrisa pertenece a mi vida.
images/synthetic_line_02507.png,Mi hombre es la razón de sonreír a diario. - Gustavo Adolfo Bécquer.
images/synthetic_line_02508.png,Tu sonrisa me cuida como a una flor.
images/synthetic_line_02509.png,Cada amanecer es un regalo que no debemos olvidar.
images/synthetic_line_02510.png,Eres mi mejor compañía es la razón de sonreír a diario.
images/synthetic_line_02511.png,El hombre da sentido a los pequeños instantes. - Antonio Machado.
images/synthetic_line_02512.png,La mujer que amas es la razón de sonreír a diario.
images/synthetic_line_02513.png,El hombre es la razón de sonreír a diario. - Gabriel García Márquez.
images/synthetic_line_02514.png,Mi mujer nos enseña a valorar lo simple.
images/synthetic_line_02515.png,Eres la razón ilumina mi vida por completo. - Julio Cortázar.
images/synthetic_line_02516.png,Un buen recuerdo guía los pasos hacia nuevos horizontes. L.L.L. ~ 02-10-23
images/synthetic_line_02517.png,Un buen recuerdo ilumina cada rincón del alma. - Gustavo Adolfo Bécquer.
images/synthetic_line_02518.png,"Si buscas el éxito, merece vivirse con toda la intensidad. - Julio Cortázar."
images/synthetic_line_02519.png,Mi mujer merece vivirse con toda la intensidad. - Saludos desde Madrid.
images/synthetic_line_02520.png,"Si quieres ser mi estrella, vence cualquier obstáculo con calma."
images/synthetic_line_02521.png,Su mirada prometo ser tu cielo.
images/synthetic_line_02522.png,Cada amanecer sabe que todo vale la pena. - Ref: 984-A / Cuaderno.
images/synthetic_line_02523.png,La paciencia huele a rosas frescas.
images/synthetic_line_02524.png,El camino es la razón de sonreír a diario.
images/synthetic_line_02525.png,El mayor tesoro deja huellas imborrables en el tiempo. - Ref: 984-A / Cuaderno.
images/synthetic_line_02526.png,La mujer ilumina mi vida por completo. - Mario Benedetti.
images/synthetic_line_02527.png,Su mirada deja huellas imborrables en el tiempo. - Ref: 984-A / Cuaderno.
images/synthetic_line_02528.png,La perseverancia abre senderos que antes no existían. - Julio Cortázar.
images/synthetic_line_02529.png,Tu mirada me cuida como a una flor. - Gustavo Adolfo Bécquer.
images/synthetic_line_02530.png,"No te rindas, acompaña las noches de invierno. - Madrid, 03/09/92"
images/synthetic_line_02531.png,Tu sonrisa nos enseña a valorar lo simple.
images/synthetic_line_02532.png,El hombre que amas da sentido a los pequeños instantes. - Julio Cortázar.
images/synthetic_line_02533.png,El viaje construye puentes sobre mares agitados. - Gustavo Adolfo Bécquer.
images/synthetic_line_02534.png,Cada atardecer hace que todo sea más hermoso.
images/synthetic_line_02535.png,Agradezco tiene un corazón rebelde. - Gustavo Adolfo Bécquer.
images/synthetic_line_02536.png,Mi hombre pertenece a mi vida.
images/synthetic_line_02537.png,Nuestra memoria deja huellas imborrables en el tiempo. - Pablo Neruda.
images/synthetic_line_02538.png,Tu presencia sabe protegerme siempre. - Notas del día 15-08-24.
images/synthetic_line_02539.png,El hombre que amas vence cualquier obstáculo con calma. - Jorge Luis Borges.
images/synthetic_line_02540.png,"Un buen recuerdo me quiere más que a nada. - Madrid, 03/09/92"
images/synthetic_line_02541.png,La perseverancia hace que todo sea más hermoso.
images/synthetic_line_02542.png,Su mirada es un regalo que no debemos olvidar.
images/synthetic_line_02543.png,Tu mirada acompaña las noches de invierno. - Ref: 984-A / Cuaderno.
images/synthetic_line_02544.png,Mi mujer me cuida como a una flor. - Gabriel García Márquez.
images/synthetic_line_02545.png,Su mirada pertenece a mi vida. - Mario Benedetti.
images/synthetic_line_02546.png,El viaje es un regalo que no debemos olvidar.
images/synthetic_line_02547.png,Cada amanecer vence cualquier obstáculo con calma.
images/synthetic_line_02548.png,La paciencia merece vivirse con toda la intensidad.
images/synthetic_line_02549.png,Nuestra memoria y mi mayor apoyo. - Gabriel García Márquez.
images/synthetic_line_02550.png,Tu mirada transforma la rutina en pura magia.
images/synthetic_line_02551.png,Su mirada deja huellas imborrables en el tiempo. - Ref: 984-A / Cuaderno.
images/synthetic_line_02552.png,"Tu amor por la que sonrío todos los días. - Madrid, 03/09/92"
images/synthetic_line_02553.png,Escribir poemas prometo ser tu cielo.
images/synthetic_line_02554.png,La perseverancia me dice que todo saldrá bien. - Saludos desde Madrid.
images/synthetic_line_02555.png,El camino merece vivirse con toda la intensidad. - Saludos desde Cádiz
images/synthetic_line_02556.png,Mi mujer merece vivirse con toda la intensidad. - Saludos desde Madrid.
images/synthetic_line_02557.png,Eres la razón construye puentes sobre mares agitados. - Saludos desde Cádiz
images/synthetic_line_02558.png,El hombre que amas merece vivirse con toda la intensidad.
images/synthetic_line_02559.png,Un corazón rebelde guía los pasos hacia nuevos horizontes. - Jorge Luis Borges.
images/synthetic_line_02560.png,Caminar juntos es un regalo que no debemos olvidar.
images/synthetic_line_02561.png,El camino ilumina mi vida por completo. - Notas del día 15-08-24.
images/synthetic_line_02562.png,La mujer que amas hace que todo sea más hermoso. - Antonio Machado.
images/synthetic_line_02563.png,Tú ilumina mi vida por completo.
images/synthetic_line_02564.png,El hombre merece vivirse con toda la intensidad. - Saludos desde Cádiz
images/synthetic_line_02565.png,El mayor tesoro y mi mayor apoyo. - Saludos desde Madrid.
images/synthetic_line_02566.png,Tu mirada hace que todo sea más hermoso. - Federico García Lorca.
images/synthetic_line_02567.png,El camino y mi mayor apoyo.
images/synthetic_line_02568.png,"Eres la razón pertenece a mi vida. - Madrid, 03/09/92"
images/synthetic_line_02569.png,"Tu sonrisa me cuida como a una flor. - Madrid, 03/09/92"
images/synthetic_line_02570.png,Un corazón sincero es la razón de sonreír a diario.
images/synthetic_line_02571.png,Agradezco cuida sus flores cada día.
images/synthetic_line_02572.png,Mi hombre soñado deja huellas imborrables en el tiempo.
images/synthetic_line_02573.png,La perseverancia sabe protegerme siempre. - Ref: 984-A / Cuaderno.
images/synthetic_line_02574.png,Tu presencia hace que todo sea más hermoso. - Saludos desde Madrid.
images/synthetic_line_02575.png,El hombre que amas es la razón de sonreír a diario. - Pablo Neruda.
images/synthetic_line_02576.png,Eres la razón merece vivirse con toda la intensidad. - Notas del día 15-08-24.
images/synthetic_line_02577.png,La mujer es un regalo que no debemos olvidar. - Federico García Lorca.
images/synthetic_line_02578.png,El tiempo compartido hace que todo sea más hermoso.
images/synthetic_line_02579.png,Mi mujer alcanza cimas que parecían lejanas. - Saludos desde Cádiz
images/synthetic_line_02580.png,La mujer sabe que todo vale la pena.
images/synthetic_line_02581.png,Vuestra memoria es la razón de sonreír a diario.
images/synthetic_line_02582.png,Eres mi mejor compañía da sentido a los pequeños instantes. - Ref: 984-A / Cuaderno.
images/synthetic_line_02583.png,La mujer que amas hace que todo sea más hermoso. - Antonio Machado.
images/synthetic_line_02584.png,Un corazón sincero es un regalo que no debemos olvidar. - Gustavo Adolfo Bécquer.
images/synthetic_line_02585.png,Tú huele a rosas frescas. - Gustavo Adolfo Bécquer.
images/synthetic_line_02586.png,El amor de mi vida es la razón de sonreír a diario. - Gabriel García Márquez.
images/synthetic_line_02587.png,La libertad cuida sus flores cada día.
images/synthetic_line_02588.png,Cada amanecer por la que sonrío todos los días.
images/synthetic_line_02589.png,"La mujer sabe que todo vale la pena. - Madrid, 03/09/92"
images/synthetic_line_02590.png,Mi mujer cuida sus flores cada día. - Saludos desde Madrid.
images/synthetic_line_02591.png,Tu amor ilumina mi vida por completo. - Saludos desde Madrid.
images/synthetic_line_02592.png,Nuestra memoria me quiere más que a nada. - Jorge Luis Borges.
images/synthetic_line_02593.png,Un buen recuerdo y mi mayor apoyo. - Notas del día 15-08-24.
images/synthetic_line_02594.png,La mujer hace que todo sea más hermoso. - Gustavo Adolfo Bécquer.
images/synthetic_line_02595.png,Caminar juntos cuida sus flores cada día. - Mario Benedetti.
images/synthetic_line_02596.png,El hombre que amas nos enseña a valorar lo simple. - Antonio Machado.
images/synthetic_line_02597.png,Agradezco prometo ser tu cielo.
images/synthetic_line_02598.png,Mi hombre soñado deja huellas imborrables en el tiempo. - Pablo Neruda.
images/synthetic_line_02599.png,Mi hombre da sentido a los pequeños instantes. - Saludos desde Madrid.
images/synthetic_line_02600.png,Mi mujer abre senderos que antes no existían.
images/synthetic_line_02601.png,Tu mirada vence cualquier obstáculo con calma.
images/synthetic_line_02602.png,El amor de mi vida prometo ser tu cielo.
images/synthetic_line_02603.png,Escribir poemas por la que sonrío todos los días.
images/synthetic_line_02604.png,Mi mujer soñada transforma la rutina en pura magia.
images/synthetic_line_02605.png,Mi mujer huele a rosas frescas. - Ref: 984-A / Cuaderno.
images/synthetic_line_02606.png,Vuestra memoria huele a rosas frescas. - Saludos desde Cádiz
images/synthetic_line_02607.png,"No te rindas, me dice que todo saldrá bien."
images/synthetic_line_02608.png,Eres la razón y mi mayor apoyo.
images/synthetic_line_02609.png,Mi hombre soñado deja huellas imborrables en el tiempo. - Pablo Neruda.
images/synthetic_line_02610.png,Eres mi mejor compañía ilumina mi vida por completo.
images/synthetic_line_02611.png,Tu sonrisa guía los pasos hacia nuevos horizontes.
images/synthetic_line_02612.png,La vida ilumina cada rincón del alma. - Octavio Paz.
images/synthetic_line_02613.png,Cada atardecer es la razón de sonreír a diario.
images/synthetic_line_02614.png,Tu mirada transforma la rutina en pura magia. - Antonio Machado.
images/synthetic_line_02615.png,Cada atardecer es un regalo que no debemos olvidar. - Antonio Machado.
images/synthetic_line_02616.png,Un corazón sincero sabe que todo vale la pena. - Gustavo Adolfo Bécquer.
images/synthetic_line_02617.png,El camino abre senderos que antes no existían. - Gabriel García Márquez.
images/synthetic_line_02618.png,Tu mirada transforma la rutina en pura magia. - Gustavo Adolfo Bécquer.
images/synthetic_line_02619.png,El tiempo compartido da sentido a los pequeños instantes. - Saludos desde Cádiz
images/synthetic_line_02620.png,"El amor de mi vida pertenece a mi vida. - Madrid, 03/09/92"
images/synthetic_line_02621.png,Eres la razón alcanza cimas que parecían lejanas. - Federico García Lorca.
images/synthetic_line_02622.png,Escribir poemas me cuida como a una flor.
images/synthetic_line_02623.png,La perseverancia me dice que todo saldrá bien. - Saludos desde Madrid.
images/synthetic_line_02624.png,Mi hombre soñado despierta pasiones dormidas. - Federico García Lorca.
images/synthetic_line_02625.png,Un buen recuerdo merece vivirse con toda la intensidad.
images/synthetic_line_02626.png,El hombre construye puentes sobre mares agitados.
images/synthetic_line_02627.png,Nuestra memoria deja huellas imborrables en el tiempo. - Pablo Neruda.
images/synthetic_line_02628.png,Tu presencia despierta pasiones dormidas.
images/synthetic_line_02629.png,La libertad acompaña las noches de invierno.
images/synthetic_line_02630.png,La vida abre senderos que antes no existían. L.L.L. ~ 02-10-23
images/synthetic_line_02631.png,Cada amanecer da sentido a los pequeños instantes.
images/synthetic_line_02632.png,Agradezco huele a rosas frescas.
images/synthetic_line_02633.png,La mujer por la que sonrío todos los días. - Saludos desde Cádiz
images/synthetic_line_02634.png,Cada atardecer transforma la rutina en pura magia.
images/synthetic_line_02635.png,Un corazón sincero me quiere más que a nada.
images/synthetic_line_02636.png,Eres mi mejor compañía sabe que todo vale la pena. - Gustavo Adolfo Bécquer.
images/synthetic_line_02637.png,- Federico García Lorca.
images/synthetic_line_02638.png,Su sonrisa y mi mayor apoyo. - Saludos desde Cádiz
images/synthetic_line_02639.png,El viaje me cuida como a una flor.
images/synthetic_line_02640.png,"El viaje y mi mayor apoyo. - Madrid, 03/09/92"
images/synthetic_line_02641.png,"Si quieres ser mi estrella, vence cualquier obstáculo con calma."
images/synthetic_line_02642.png,"Mi mujer construye puentes sobre mares agitados. - Madrid, 03/09/92"
images/synthetic_line_02643.png,El hombre y mi mayor apoyo.
images/synthetic_line_02644.png,El viaje sabe protegerme siempre. - Isabel Allende.
images/synthetic_line_02645.png,Nuestra memoria nos enseña a valorar lo simple.
images/synthetic_line_02646.png,Tu mirada pertenece a mi vida. - Julio Cortázar.
images/synthetic_line_02647.png,Agradezco abre senderos que antes no existían.
images/synthetic_line_02648.png,El mayor tesoro me quiere más que a nada. - Saludos desde Madrid.
images/synthetic_line_02649.png,Su sonrisa sabe que todo vale la pena. L.L.L. ~ 02-10-23
images/synthetic_line_02650.png,Tu presencia sabe protegerme siempre. - Notas del día 15-08-24.
images/synthetic_line_02651.png,Escribir poemas transforma la rutina en pura magia.
images/synthetic_line_02652.png,El hombre que amas hace que todo sea más hermoso. - Julio Cortázar.
images/synthetic_line_02653.png,Vuestra memoria es un regalo que no debemos olvidar. - Notas del día 15-08-24.
images/synthetic_line_02654.png,La vida sabe que todo vale la pena.
images/synthetic_line_02655.png,Tu presencia ilumina cada rincón del alma.
images/synthetic_line_02656.png,"No te rindas, es la razón de sonreír a diario."
images/synthetic_line_02657.png,Vuestra memoria despierta pasiones dormidas. - Ref: 984-A / Cuaderno.
images/synthetic_line_02658.png,"No te rindas, da sentido a los pequeños instantes."
images/synthetic_line_02659.png,El camino da sentido a los pequeños instantes. - Jorge Luis Borges.
images/synthetic_line_02660.png,- Saludos desde Madrid.
images/synthetic_line_02661.png,El hombre huele a rosas frescas.
images/synthetic_line_02662.png,"Si quieres ser mi estrella, ilumina cada rincón del alma."
images/synthetic_line_02663.png,Agradezco merece vivirse con toda la intensidad. - Ref: 984-A / Cuaderno.
images/synthetic_line_02664.png,Tú por la que sonrío todos los días.
images/synthetic_line_02665.png,La vida me dice que todo saldrá bien.
images/synthetic_line_02666.png,La mujer que amas acompaña las noches de invierno.
images/synthetic_line_02667.png,La perseverancia ilumina cada rincón del alma.
images/synthetic_line_02668.png,Un corazón sincero deja huellas imborrables en el tiempo.
images/synthetic_line_02669.png,Su sonrisa sabe protegerme siempre. - Antonio Machado.
images/synthetic_line_02670.png,El hombre transforma la rutina en pura magia. - Mario Benedetti.
images/synthetic_line_02671.png,Tú es la razón de sonreír a diario.
images/synthetic_line_02672.png,Cada atardecer me dice que todo saldrá bien.
images/synthetic_line_02673.png,La libertad por la que sonrío todos los días.
images/synthetic_line_02674.png,Un buen recuerdo acompaña las noches de invierno.
images/synthetic_line_02675.png,Cada amanecer da sentido a los pequeños instantes.
images/synthetic_line_02676.png,La paciencia alcanza cimas que parecían lejanas. - Pablo Neruda.
images/synthetic_line_02677.png,La mujer que amas abre senderos que antes no existían.
images/synthetic_line_02678.png,Agradezco me dice que todo saldrá bien. - Gabriel García Márquez.
images/synthetic_line_02679.png,Mi hombre ilumina mi vida por completo. - Julio Cortázar.
images/synthetic_line_02680.png,Cada amanecer vence cualquier obstáculo con calma. - Antonio Machado.
images/synthetic_line_02681.png,"Tu amor por la que sonrío todos los días. - Madrid, 03/09/92"
images/synthetic_line_02682.png,"Nuestra memoria hace que todo sea más hermoso. - Madrid, 03/09/92"
images/synthetic_line_02683.png,Un corazón sincero pertenece a mi vida. - Notas del día 15-08-24.
images/synthetic_line_02684.png,Tu mirada ilumina mi vida por completo.
images/synthetic_line_02685.png,El tiempo compartido hace que todo sea más hermoso. - Saludos desde Madrid.
images/synthetic_line_02686.png,Tú prometo ser tu cielo.
images/synthetic_line_02687.png,Tu mirada acompaña las noches de invierno. - Ref: 984-A / Cuaderno.
images/synthetic_line_02688.png,Un corazón sincero pertenece a mi vida. - Notas del día 15-08-24.
images/synthetic_line_02689.png,"No te rindas, tiene un corazón rebelde."
images/synthetic_line_02690.png,Tu amor me quiere más que a nada.
images/synthetic_line_02691.png,"Mi hombre soñado vence cualquier obstáculo con calma. - Madrid, 03/09/92"
images/synthetic_line_02692.png,Cada amanecer cuida sus flores cada día.
images/synthetic_line_02693.png,Eres mi mejor compañía despierta pasiones dormidas. - Notas del día 15-08-24.
images/synthetic_line_02694.png,El viaje me dice que todo saldrá bien.
images/synthetic_line_02695.png,El camino da sentido a los pequeños instantes. - Saludos desde Cádiz
images/synthetic_line_02696.png,El hombre que amas me dice que todo saldrá bien. - Gabriel García Márquez.
images/synthetic_line_02697.png,Tú merece vivirse con toda la intensidad.
images/synthetic_line_02698.png,Tu sonrisa me quiere más que a nada.
images/synthetic_line_02699.png,La mujer sabe protegerme siempre.
images/synthetic_line_02700.png,Mi hombre abre senderos que antes no existían. - Saludos desde Madrid.
images/synthetic_line_02701.png,Mi mujer sabe que todo vale la pena.
images/synthetic_line_02702.png,Mi mujer soñada prometo ser tu cielo.
images/synthetic_line_02703.png,Nuestra memoria nos enseña a valorar lo simple. - Saludos desde Cádiz
images/synthetic_line_02704.png,La paciencia es un regalo que no debemos olvidar. - Jorge Luis Borges.
images/synthetic_line_02705.png,Tu amor me cuida como a una flor. - Saludos desde Madrid.
images/synthetic_line_02706.png,El hombre que amas hace que todo sea más hermoso. - Ref: 984-A / Cuaderno.
images/synthetic_line_02707.png,Un buen recuerdo sabe que todo vale la pena.
images/synthetic_line_02708.png,Un buen recuerdo sabe que todo vale la pena.
images/synthetic_line_02709.png,"Si buscas el éxito, es un regalo que no debemos olvidar."
images/synthetic_line_02710.png,El tiempo compartido es la razón de sonreír a diario.
images/synthetic_line_02711.png,Tu amor merece vivirse con toda la intensidad. - Notas del día 15-08-24.
images/synthetic_line_02712.png,El hombre que amas cuida sus flores cada día. - Saludos desde Madrid.
images/synthetic_line_02713.png,El hombre que amas transforma la rutina en pura magia.
images/synthetic_line_02714.png,Mi hombre soñado despierta pasiones dormidas. - Federico García Lorca.
images/synthetic_line_02715.png,Escribir poemas me dice que todo saldrá bien. - Saludos desde Madrid.
images/synthetic_line_02716.png,El tiempo compartido transforma la rutina en pura magia. - Mario Benedetti.
images/synthetic_line_02717.png,Tu amor vence cualquier obstáculo con calma. - Notas del día 15-08-24.
images/synthetic_line_02718.png,Tu mirada abre senderos que antes no existían. - Saludos desde Madrid.
images/synthetic_line_02719.png,Eres la razón vence cualquier obstáculo con calma.
images/synthetic_line_02720.png,Vuestra memoria sabe que todo vale la pena. - Mario Benedetti.
images/synthetic_line_02721.png,La paciencia merece vivirse con toda la intensidad.
images/synthetic_line_02722.png,Tu sonrisa construye puentes sobre mares agitados.
images/synthetic_line_02723.png,Tu mirada hace que todo sea más hermoso. - Jorge Luis Borges.
images/synthetic_line_02724.png,Su mirada ilumina cada rincón del alma. - Gustavo Adolfo Bécquer.
images/synthetic_line_02725.png,Un corazón sincero transforma la rutina en pura magia. - Gustavo Adolfo Bécquer.
images/synthetic_line_02726.png,Su sonrisa sabe que todo vale la pena.
images/synthetic_line_02727.png,El hombre que amas guía los pasos hacia nuevos horizontes. - Gabriel García Márquez.
images/synthetic_line_02728.png,"Tu mirada despierta pasiones dormidas. - Madrid, 03/09/92"
images/synthetic_line_02729.png,"Si buscas el éxito, ilumina cada rincón del alma."
images/synthetic_line_02730.png,Tu mirada alcanza cimas que parecían lejanas.
images/synthetic_line_02731.png,El camino transforma la rutina en pura magia. - Isabel Allende.
images/synthetic_line_02732.png,Su sonrisa abre senderos que antes no existían.
images/synthetic_line_02733.png,Cada atardecer y mi mayor apoyo.
images/synthetic_line_02734.png,"El viaje da sentido a los pequeños instantes. - Madrid, 03/09/92"
images/synthetic_line_02735.png,"No te rindas, guía los pasos hacia nuevos horizontes."
images/synthetic_line_02736.png,Eres mi mejor compañía abre senderos que antes no existían. - Saludos desde Madrid.
images/synthetic_line_02737.png,El viaje pertenece a mi vida. - Ref: 984-A / Cuaderno.
images/synthetic_line_02738.png,Mi hombre vence cualquier obstáculo con calma.
images/synthetic_line_02739.png,Un corazón rebelde y mi mayor apoyo.
images/synthetic_line_02740.png,Su mirada deja huellas imborrables en el tiempo. - Ref: 984-A / Cuaderno.
images/synthetic_line_02741.png,El camino me cuida como a una flor. - Ref: 984-A / Cuaderno.
images/synthetic_line_02742.png,"Si quieres ser mi estrella, es la razón de sonreír a diario. - Gabriel García Márquez."
images/synthetic_line_02743.png,Un corazón sincero tiene un corazón rebelde. - Saludos desde Madrid.
images/synthetic_line_02744.png,Nuestra memoria huele a rosas frescas. - Ref: 984-A / Cuaderno.
images/synthetic_line_02745.png,Un buen recuerdo da sentido a los pequeños instantes.
images/synthetic_line_02746.png,Tu sonrisa da sentido a los pequeños instantes.
images/synthetic_line_02747.png,Su sonrisa ilumina mi vida por completo.
images/synthetic_line_02748.png,Tú nos enseña a valorar lo simple. - Julio Cortázar.
images/synthetic_line_02749.png,Un corazón rebelde alcanza cimas que parecían lejanas. L.L.L. ~ 02-10-23
images/synthetic_line_02750.png,El hombre despierta pasiones dormidas. - Notas del día 15-08-24.
images/synthetic_line_02751.png,La paciencia ilumina cada rincón del alma.
images/synthetic_line_02752.png,Mi mujer abre senderos que antes no existían. - Saludos desde Madrid.
images/synthetic_line_02753.png,La mujer sabe que todo vale la pena.
images/synthetic_line_02754.png,Tu mirada tiene un corazón rebelde. - Julio Cortázar.
images/synthetic_line_02755.png,El mayor tesoro prometo ser tu cielo. - Notas del día 15-08-24.
images/synthetic_line_02756.png,"Si quieres ser mi estrella, guía los pasos hacia nuevos horizontes. - Saludos desde Cádiz"
images/synthetic_line_02757.png,La mujer merece vivirse con toda la intensidad. - Saludos desde Cádiz
images/synthetic_line_02758.png,Un corazón rebelde alcanza cimas que parecían lejanas.
images/synthetic_line_02759.png,El hombre me quiere más que a nada.
images/synthetic_line_02760.png,Caminar juntos deja huellas imborrables en el tiempo. - Saludos desde Madrid.
images/synthetic_line_02761.png,La mujer que amas ilumina cada rincón del alma.
images/synthetic_line_02762.png,Un corazón rebelde es la razón de sonreír a diario.
images/synthetic_line_02763.png,El hombre merece vivirse con toda la intensidad. - Saludos desde Cádiz
images/synthetic_line_02764.png,Caminar juntos prometo ser tu cielo. - Pablo Neruda.
images/synthetic_line_02765.png,Tú abre senderos que antes no existían.
images/synthetic_line_02766.png,Su mirada por la que sonrío todos los días.
images/synthetic_line_02767.png,Un corazón rebelde despierta pasiones dormidas. - Jorge Luis Borges.
images/synthetic_line_02768.png,Tu mirada transforma la rutina en pura magia. - Gustavo Adolfo Bécquer.
images/synthetic_line_02769.png,El tiempo compartido merece vivirse con toda la intensidad. - Saludos desde Cádiz
images/synthetic_line_02770.png,Mi mujer y mi mayor apoyo. - Jorge Luis Borges.
images/synthetic_line_02771.png,Escribir poemas por la que sonrío todos los días.
images/synthetic_line_02772.png,Su mirada ilumina cada rincón del alma. - Gabriel García Márquez.
images/synthetic_line_02773.png,Nuestra memoria alcanza cimas que parecían lejanas.
images/synthetic_line_02774.png,Cada amanecer tiene un corazón rebelde. - Octavio Paz.
images/synthetic_line_02775.png,Vuestra memoria da sentido a los pequeños instantes. - Mario Benedetti.
images/synthetic_line_02776.png,Su mirada es un regalo que no debemos olvidar. - Julio Cortázar.
images/synthetic_line_02777.png,Cada atardecer abre senderos que antes no existían. - Jorge Luis Borges.
images/synthetic_line_02778.png,Tu mirada transforma la rutina en pura magia. - Gustavo Adolfo Bécquer.
images/synthetic_line_02779.png,La perseverancia tiene un corazón rebelde. - Isabel Allende.
images/synthetic_line_02780.png,"No te rindas, me dice que todo saldrá bien. - Saludos desde Cádiz"
images/synthetic_line_02781.png,La vida sabe que todo vale la pena. - Federico García Lorca.
images/synthetic_line_02782.png,Eres mi mejor compañía merece vivirse con toda la intensidad.
images/synthetic_line_02783.png,"Si buscas el éxito, por la que sonrío todos los días. - Jorge Luis Borges."
images/synthetic_line_02784.png,"Si quieres ser mi estrella, ilumina mi vida por completo. - Gabriel García Márquez."
images/synthetic_line_02785.png,El amor de mi vida es la razón de sonreír a diario.
images/synthetic_line_02786.png,Tú guía los pasos hacia nuevos horizontes. - Mario Benedetti.
images/synthetic_line_02787.png,Eres la razón prometo ser tu cielo. - Isabel Allende.
images/synthetic_line_02788.png,Caminar juntos ilumina mi vida por completo. - Mario Benedetti.
images/synthetic_line_02789.png,Escribir poemas prometo ser tu cielo.
images/synthetic_line_02790.png,- Federico García Lorca.
images/synthetic_line_02791.png,Mi hombre soñado me cuida como a una flor.
images/synthetic_line_02792.png,Un buen recuerdo alcanza cimas que parecían lejanas.
images/synthetic_line_02793.png,Un corazón sincero me quiere más que a nada.
images/synthetic_line_02794.png,El camino construye puentes sobre mares agitados.
images/synthetic_line_02795.png,"Si buscas el éxito, es un regalo que no debemos olvidar. - Octavio Paz."
images/synthetic_line_02796.png,Tu mirada cuida sus flores cada día.
images/synthetic_line_02797.png,Su sonrisa nos enseña a valorar lo simple. - Gabriel García Márquez.
images/synthetic_line_02798.png,Su mirada huele a rosas frescas. - Pablo Neruda.
images/synthetic_line_02799.png,Mi mujer me cuida como a una flor. - Gabriel García Márquez.
images/synthetic_line_02800.png,La libertad sabe protegerme siempre. - Antonio Machado.
images/synthetic_line_02801.png,La perseverancia y mi mayor apoyo.
images/synthetic_line_02802.png,El camino abre senderos que antes no existían. - Saludos desde Cádiz
images/synthetic_line_02803.png,Agradezco cuida sus flores cada día. - Saludos desde Madrid.
images/synthetic_line_02804.png,Mi hombre soñado transforma la rutina en pura magia.
images/synthetic_line_02805.png,El tiempo compartido guía los pasos hacia nuevos horizontes.
images/synthetic_line_02806.png,Un corazón sincero alcanza cimas que parecían lejanas. L.L.L. ~ 02-10-23
images/synthetic_line_02807.png,Mi hombre es un regalo que no debemos olvidar.
images/synthetic_line_02808.png,"Si buscas el éxito, hace que todo sea más hermoso. - Gabriel García Márquez."
images/synthetic_line_02809.png,El viaje despierta pasiones dormidas.
images/synthetic_line_02810.png,La mujer que amas me dice que todo saldrá bien.
images/synthetic_line_02811.png,"Si buscas el éxito, acompaña las noches de invierno. - Pablo Neruda."
images/synthetic_line_02812.png,Mi hombre da sentido a los pequeños instantes. - Saludos desde Madrid.
images/synthetic_line_02813.png,El camino merece vivirse con toda la intensidad. - Saludos desde Cádiz
images/synthetic_line_02814.png,Mi mujer deja huellas imborrables en el tiempo.
images/synthetic_line_02815.png,Caminar juntos abre senderos que antes no existían. - Mario Benedetti.
images/synthetic_line_02816.png,Vuestra memoria tiene un corazón rebelde. - Notas del día 15-08-24.
images/synthetic_line_02817.png,Escribir poemas cuida sus flores cada día. - Gabriel García Márquez.
images/synthetic_line_02818.png,El amor de mi vida sabe que todo vale la pena. - Antonio Machado.
images/synthetic_line_02819.png,"Si quieres ser mi estrella, abre senderos que antes no existían. - Notas del día 15-08-24."
images/synthetic_line_02820.png,"No te rindas, construye puentes sobre mares agitados. - Octavio Paz."
images/synthetic_line_02821.png,"Si quieres ser mi estrella, nos enseña a valorar lo simple. - Pablo Neruda."
images/synthetic_line_02822.png,La mujer prometo ser tu cielo. - Antonio Machado.
images/synthetic_line_02823.png,Tu amor nos enseña a valorar lo simple.
images/synthetic_line_02824.png,Su mirada huele a rosas frescas. - Mario Benedetti.
images/synthetic_line_02825.png,Tu presencia me cuida como a una flor.
images/synthetic_line_02826.png,La mujer despierta pasiones dormidas. - Saludos desde Madrid.
images/synthetic_line_02827.png,Agradezco abre senderos que antes no existían.
images/synthetic_line_02828.png,La perseverancia despierta pasiones dormidas.
images/synthetic_line_02829.png,Caminar juntos tiene un corazón rebelde. - Gabriel García Márquez.
images/synthetic_line_02830.png,Tu mirada despierta pasiones dormidas.
images/synthetic_line_02831.png,Tu presencia abre senderos que antes no existían. - Jorge Luis Borges.
images/synthetic_line_02832.png,Tu mirada transforma la rutina en pura magia. - Antonio Machado.
images/synthetic_line_02833.png,El mayor tesoro me quiere más que a nada.
images/synthetic_line_02834.png,Su sonrisa tiene un corazón rebelde.
images/synthetic_line_02835.png,Un corazón sincero huele a rosas frescas.
images/synthetic_line_02836.png,"Si buscas el éxito, es un regalo que no debemos olvidar. - Octavio Paz."
images/synthetic_line_02837.png,Cada amanecer pertenece a mi vida. - Saludos desde Madrid.
images/synthetic_line_02838.png,La vida me dice que todo saldrá bien. - Federico García Lorca.
images/synthetic_line_02839.png,"El amor de mi vida me quiere más que a nada. - Madrid, 03/09/92"
images/synthetic_line_02840.png,El hombre que amas transforma la rutina en pura magia.
images/synthetic_line_02841.png,El mayor tesoro y mi mayor apoyo.
images/synthetic_line_02842.png,Cada amanecer acompaña las noches de invierno.
images/synthetic_line_02843.png,Mi hombre vence cualquier obstáculo con calma.
images/synthetic_line_02844.png,Tu mirada transforma la rutina en pura magia. - Gustavo Adolfo Bécquer.
images/synthetic_line_02845.png,Vuestra memoria me dice que todo saldrá bien.
images/synthetic_line_02846.png,Cada amanecer tiene un corazón rebelde. - Octavio Paz.
images/synthetic_line_02847.png,Cada amanecer transforma la rutina en pura magia. - Julio Cortázar.
images/synthetic_line_02848.png,Eres mi mejor compañía me quiere más que a nada. - Julio Cortázar.
images/synthetic_line_02849.png,Tu amor prometo ser tu cielo. - Ref: 984-A / Cuaderno.
images/synthetic_line_02850.png,La vida cuida sus flores cada día.
images/synthetic_line_02851.png,El camino guía los pasos hacia nuevos horizontes.
images/synthetic_line_02852.png,Tu amor ilumina mi vida por completo.
images/synthetic_line_02853.png,La mujer hace que todo sea más hermoso. - Pablo Neruda.
images/synthetic_line_02854.png,Cada amanecer por la que sonrío todos los días. - Isabel Allende.
images/synthetic_line_02855.png,"No te rindas, me quiere más que a nada. - Gustavo Adolfo Bécquer."
images/synthetic_line_02856.png,El camino pertenece a mi vida.
images/synthetic_line_02857.png,Un corazón rebelde despierta pasiones dormidas. - Jorge Luis Borges.
images/synthetic_line_02858.png,Nuestra memoria hace que todo sea más hermoso. - Gabriel García Márquez.
images/synthetic_line_02859.png,El mayor tesoro abre senderos que antes no existían. - Jorge Luis Borges.
images/synthetic_line_02860.png,Eres mi mejor compañía es un regalo que no debemos olvidar.
images/synthetic_line_02861.png,"Si quieres ser mi estrella, hace que todo sea más hermoso."
images/synthetic_line_02862.png,Un corazón sincero construye puentes sobre mares agitados. L.L.L. ~ 02-10-23
images/synthetic_line_02863.png,La perseverancia da sentido a los pequeños instantes. - Jorge Luis Borges.
images/synthetic_line_02864.png,Cada amanecer vence cualquier obstáculo con calma.
images/synthetic_line_02865.png,"Si quieres ser mi estrella, es la razón de sonreír a diario. - Gabriel García Márquez."
images/synthetic_line_02866.png,La paciencia guía los pasos hacia nuevos horizontes. - Isabel Allende.
images/synthetic_line_02867.png,"Si buscas el éxito, alcanza cimas que parecían lejanas. - Gabriel García Márquez."
images/synthetic_line_02868.png,Tú me dice que todo saldrá bien. - Notas del día 15-08-24.
images/synthetic_line_02869.png,Eres la razón y mi mayor apoyo.
images/synthetic_line_02870.png,Vuestra memoria merece vivirse con toda la intensidad.
images/synthetic_line_02871.png,El hombre que amas acompaña las noches de invierno.
images/synthetic_line_02872.png,"Si buscas el éxito, abre senderos que antes no existían. - Antonio Machado."
images/synthetic_line_02873.png,Escribir poemas me quiere más que a nada.
images/synthetic_line_02874.png,Cada amanecer tiene un corazón rebelde. - Federico García Lorca.
images/synthetic_line_02875.png,"No te rindas, ilumina cada rincón del alma."
images/synthetic_line_02876.png,Eres la razón transforma la rutina en pura magia. - Isabel Allende.
images/synthetic_line_02877.png,Tu presencia hace que todo sea más hermoso. - Jorge Luis Borges.
images/synthetic_line_02878.png,El mayor tesoro guía los pasos hacia nuevos horizontes. - Mario Benedetti.
images/synthetic_line_02879.png,Su mirada ilumina mi vida por completo. - Jorge Luis Borges.
images/synthetic_line_02880.png,"Si quieres ser mi estrella, ilumina mi vida por completo. - Gabriel García Márquez."
images/synthetic_line_02881.png,Su mirada guía los pasos hacia nuevos horizontes. - Octavio Paz.
images/synthetic_line_02882.png,La libertad pertenece a mi vida.
images/synthetic_line_02883.png,Eres la razón ilumina mi vida por completo. - Julio Cortázar.
images/synthetic_line_02884.png,Eres la razón ilumina mi vida por completo.
images/synthetic_line_02885.png,La mujer deja huellas imborrables en el tiempo.
images/synthetic_line_02886.png,"No te rindas, vence cualquier obstáculo con calma. - Saludos desde Cádiz"
images/synthetic_line_02887.png,"Tu amor hace que todo sea más hermoso. - Madrid, 03/09/92"
images/synthetic_line_02888.png,Mi mujer me quiere más que a nada. - Notas del día 15-08-24.
images/synthetic_line_02889.png,Un corazón sincero merece vivirse con toda la intensidad. - Julio Cortázar.
images/synthetic_line_02890.png,Cada atardecer merece vivirse con toda la intensidad.
images/synthetic_line_02891.png,"No te rindas, me dice que todo saldrá bien. L.L.L. ~ 02-10-23"
images/synthetic_line_02892.png,"Si buscas el éxito, alcanza cimas que parecían lejanas. - Gustavo Adolfo Bécquer."
images/synthetic_line_02893.png,Tu amor me dice que todo saldrá bien.
images/synthetic_line_02894.png,El hombre que amas hace que todo sea más hermoso. - Julio Cortázar.
images/synthetic_line_02895.png,"No te rindas, prometo ser tu cielo."
images/synthetic_line_02896.png,El camino da sentido a los pequeños instantes.
images/synthetic_line_02897.png,"No te rindas, ilumina mi vida por completo."
images/synthetic_line_02898.png,La vida tiene un corazón rebelde. - Federico García Lorca.
images/synthetic_line_02899.png,La libertad hace que todo sea más hermoso. - Gustavo Adolfo Bécquer.
images/synthetic_line_02900.png,El viaje despierta pasiones dormidas. - Notas del día 15-08-24.
images/synthetic_line_02901.png,La mujer construye puentes sobre mares agitados.
images/synthetic_line_02902.png,Tu presencia guía los pasos hacia nuevos horizontes. - Saludos desde Madrid.
images/synthetic_line_02903.png,Cada amanecer alcanza cimas que parecían lejanas.
images/synthetic_line_02904.png,Tu presencia guía los pasos hacia nuevos horizontes.
images/synthetic_line_02905.png,Tu mirada ilumina mi vida por completo.
images/synthetic_line_02906.png,Tu mirada merece vivirse con toda la intensidad.
images/synthetic_line_02907.png,Cada atardecer da sentido a los pequeños instantes.
images/synthetic_line_02908.png,La vida huele a rosas frescas. - Antonio Machado.
images/synthetic_line_02909.png,"Tu amor merece vivirse con toda la intensidad. - Madrid, 03/09/92"
images/synthetic_line_02910.png,Eres la razón merece vivirse con toda la intensidad. - Ref: 984-A / Cuaderno.
images/synthetic_line_02911.png,Agradezco cuida sus flores cada día. - Saludos desde Madrid.
images/synthetic_line_02912.png,El camino abre senderos que antes no existían. - Saludos desde Cádiz
images/synthetic_line_02913.png,Caminar juntos construye puentes sobre mares agitados.
images/synthetic_line_02914.png,Tu sonrisa acompaña las noches de invierno.
images/synthetic_line_02915.png,Tu mirada me quiere más que a nada. - Saludos desde Madrid.
images/synthetic_line_02916.png,El mayor tesoro construye puentes sobre mares agitados.
images/synthetic_line_02917.png,Tu amor por la que sonrío todos los días.
images/synthetic_line_02918.png,Mi hombre soñado me dice que todo saldrá bien. - Federico García Lorca.
images/synthetic_line_02919.png,Su mirada es un regalo que no debemos olvidar.
images/synthetic_line_02920.png,"No te rindas, guía los pasos hacia nuevos horizontes."
images/synthetic_line_02921.png,Escribir poemas por la que sonrío todos los días. - Jorge Luis Borges.
images/synthetic_line_02922.png,El tiempo compartido hace que todo sea más hermoso.
images/synthetic_line_02923.png,Mi hombre tiene un corazón rebelde.
images/synthetic_line_02924.png,Mi hombre soñado guía los pasos hacia nuevos horizontes.
images/synthetic_line_02925.png,Eres mi mejor compañía guía los pasos hacia nuevos horizontes.
images/synthetic_line_02926.png,Un buen recuerdo construye puentes sobre mares agitados.
images/synthetic_line_02927.png,"Si buscas el éxito, me quiere más que a nada. - Gabriel García Márquez."
images/synthetic_line_02928.png,El hombre merece vivirse con toda la intensidad.
images/synthetic_line_02929.png,"Si buscas el éxito, alcanza cimas que parecían lejanas. - Gustavo Adolfo Bécquer."
images/synthetic_line_02930.png,Tu sonrisa es un regalo que no debemos olvidar. - Pablo Neruda.
images/synthetic_line_02931.png,Eres mi mejor compañía transforma la rutina en pura magia. - Pablo Neruda.
images/synthetic_line_02932.png,"Si quieres ser mi estrella, ilumina cada rincón del alma. - Gabriel García Márquez."
images/synthetic_line_02933.png,La perseverancia por la que sonrío todos los días.
images/synthetic_line_02934.png,La paciencia me quiere más que a nada. L.L.L. ~ 02-10-23
images/synthetic_line_02935.png,El hombre me quiere más que a nada.
images/synthetic_line_02936.png,"No te rindas, prometo ser tu cielo."
images/synthetic_line_02937.png,Su mirada me cuida como a una flor.
images/synthetic_line_02938.png,La perseverancia sabe que todo vale la pena.
images/synthetic_line_02939.png,Un buen recuerdo sabe que todo vale la pena.
images/synthetic_line_02940.png,Eres mi mejor compañía guía los pasos hacia nuevos horizontes.
images/synthetic_line_02941.png,El camino guía los pasos hacia nuevos horizontes.
images/synthetic_line_02942.png,Cada amanecer tiene un corazón rebelde. - Federico García Lorca.
images/synthetic_line_02943.png,- Saludos desde Cádiz
images/synthetic_line_02944.png,La mujer que amas me cuida como a una flor.
images/synthetic_line_02945.png,Mi hombre soñado prometo ser tu cielo.
images/synthetic_line_02946.png,Tu sonrisa da sentido a los pequeños instantes.
images/synthetic_line_02947.png,"Eres mi mejor compañía me quiere más que a nada. - Madrid, 03/09/92"
images/synthetic_line_02948.png,Un corazón rebelde es un regalo que no debemos olvidar. - Pablo Neruda.
images/synthetic_line_02949.png,Tu amor alcanza cimas que parecían lejanas.
images/synthetic_line_02950.png,Vuestra memoria por la que sonrío todos los días. - Pablo Neruda.
images/synthetic_line_02951.png,Su mirada abre senderos que antes no existían. L.L.L. ~ 02-10-23
images/synthetic_line_02952.png,Mi hombre soñado despierta pasiones dormidas. - Mario Benedetti.
images/synthetic_line_02953.png,La mujer que amas y mi mayor apoyo.
images/synthetic_line_02954.png,El camino da sentido a los pequeños instantes. - Saludos desde Cádiz
images/synthetic_line_02955.png,Un buen recuerdo merece vivirse con toda la intensidad.
images/synthetic_line_02956.png,El camino da sentido a los pequeños instantes. - Mario Benedetti.
images/synthetic_line_02957.png,- Federico García Lorca.
images/synthetic_line_02958.png,La perseverancia guía los pasos hacia nuevos horizontes.
images/synthetic_line_02959.png,Eres mi mejor compañía despierta pasiones dormidas. - Gabriel García Márquez.
images/synthetic_line_02960.png,"Tu mirada despierta pasiones dormidas. - Madrid, 03/09/92"
images/synthetic_line_02961.png,Nuestra memoria da sentido a los pequeños instantes. - Saludos desde Cádiz
images/synthetic_line_02962.png,"Si buscas el éxito, deja huellas imborrables en el tiempo."
images/synthetic_line_02963.png,El hombre es la razón de sonreír a diario.
images/synthetic_line_02964.png,Agradezco cuida sus flores cada día. - Saludos desde Madrid.
images/synthetic_line_02965.png,El amor de mi vida me quiere más que a nada.
images/synthetic_line_02966.png,Su sonrisa me cuida como a una flor.
images/synthetic_line_02967.png,Agradezco me dice que todo saldrá bien. - Mario Benedetti.
images/synthetic_line_02968.png,"Si buscas el éxito, alcanza cimas que parecían lejanas. - Gustavo Adolfo Bécquer."
images/synthetic_line_02969.png,"Si buscas el éxito, merece vivirse con toda la intensidad."
images/synthetic_line_02970.png,Escribir poemas merece vivirse con toda la intensidad.
images/synthetic_line_02971.png,Tú es un regalo que no debemos olvidar.
images/synthetic_line_02972.png,Mi mujer soñada pertenece a mi vida.
images/synthetic_line_02973.png,El amor de mi vida me quiere más que a nada.
images/synthetic_line_02974.png,Cada amanecer vence cualquier obstáculo con calma.
images/synthetic_line_02975.png,Agradezco merece vivirse con toda la intensidad. - Ref: 984-A / Cuaderno.
images/synthetic_line_02976.png,- Ref: 984-A / Cuaderno.
images/synthetic_line_02977.png,Mi mujer soñada ilumina mi vida por completo. - Mario Benedetti.
images/synthetic_line_02978.png,El tiempo compartido cuida sus flores cada día. - Saludos desde Cádiz
images/synthetic_line_02979.png,El mayor tesoro alcanza cimas que parecían lejanas.
images/synthetic_line_02980.png,Tú huele a rosas frescas.
images/synthetic_line_02981.png,La paciencia nos enseña a valorar lo simple. - Pablo Neruda.
images/synthetic_line_02982.png,La vida cuida sus flores cada día. - Octavio Paz.
images/synthetic_line_02983.png,Un buen recuerdo me quiere más que a nada. - Federico García Lorca.
images/synthetic_line_02984.png,El mayor tesoro prometo ser tu cielo. - Jorge Luis Borges.
images/synthetic_line_02985.png,Su sonrisa acompaña las noches de invierno. L.L.L. ~ 02-10-23
images/synthetic_line_02986.png,Mi mujer es un regalo que no debemos olvidar. - Antonio Machado.
images/synthetic_line_02987.png,Nuestra memoria merece vivirse con toda la intensidad. - Gustavo Adolfo Bécquer.
images/synthetic_line_02988.png,El viaje despierta pasiones dormidas.
images/synthetic_line_02989.png,Tu amor y mi mayor apoyo. - Octavio Paz.
images/synthetic_line_02990.png,"No te rindas, construye puentes sobre mares agitados. - Octavio Paz."
images/synthetic_line_02991.png,Mi mujer es la razón de sonreír a diario. - Octavio Paz.
images/synthetic_line_02992.png,"No te rindas, sabe que todo vale la pena. - Mario Benedetti."
images/synthetic_line_02993.png,"No te rindas, me quiere más que a nada. - Gustavo Adolfo Bécquer."
images/synthetic_line_02994.png,El viaje sabe que todo vale la pena. - Notas del día 15-08-24.
images/synthetic_line_02995.png,Cada amanecer vence cualquier obstáculo con calma.
images/synthetic_line_02996.png,El tiempo compartido merece vivirse con toda la intensidad. - Saludos desde Cádiz
images/synthetic_line_02997.png,Eres mi mejor compañía sabe que todo vale la pena. - Gustavo Adolfo Bécquer.
images/synthetic_line_02998.png,Un buen recuerdo sabe que todo vale la pena.
images/synthetic_line_02999.png,Mi hombre soñado abre senderos que antes no existían. - Saludos desde Madrid.
